symbol,timestamp,coin_name,message,opening_price,opening_price_time,closing_price,highest_price,lowest_price,highest_gain_percent,lowest_gain_percent,highest_price_time_min,lowest_price_time_min,data_points_count,analysis_period,price_data_saved,error
HOMEUSDT,2025-06-09 07:15:26+00:00,HOME,$HOME listed on Binance futures,0.025,2025-06-10T11:30:00+00:00,0.037312,0.042688,0.018363,70.75,-26.55,2855.0,290.0,576.0,48 hours from listing (5m intervals),HOMEUSDT.json,
SKATEUSDT,2025-06-06 05:30:09+00:00,SKATE,$SKATE listed on Binance alpha and futures,0.0756,2025-06-09T10:30:00+00:00,0.04954,0.0784,0.04746,3.7,-37.22,0.0,2195.0,576.0,48 hours from listing (5m intervals),SKATEUSDT.json,
LAUSDT,2025-06-05 06:06:31+00:00,LA,$LA listed on Binance futures,1.039,2025-06-05T09:00:00+00:00,1.188,1.794,0.988,72.67,-4.91,985.0,0.0,576.0,48 hours from listing (5m intervals),LAUSDT.json,
BOBUSDT,2025-06-04 10:47:46+00:00,BOB,$BOB listed on Binance futures,,,,,,,,,,,,,not currently listed on Binance futures
BOBUSDT,2025-06-04 10:47:46+00:00,BOB,$BOB listed on Binance futures,,,,,,,,,,,,,not currently listed on Binance futures
RESOLVUSDT,2025-06-04 07:00:07+00:00,RESOLV,$RESOLV listed on Binance alpha and futures,0.20204,2025-06-10T13:30:00+00:00,0.3138,0.412,0.17264,103.92,-14.55,1655.0,10.0,576.0,48 hours from listing (5m intervals),RESOLVUSDT.json,
PUFFERUSDT,2025-06-03 09:14:38+00:00,PUFFER,$PUFFER listed on Binance futures,0.23047,2025-06-04T08:30:00+00:00,0.1932,0.23481,0.18581,1.88,-19.38,0.0,2625.0,576.0,48 hours from listing (5m intervals),PUFFERUSDT.json,
PORT3USDT,2025-06-03 09:14:38+00:00,PORT3,$PORT3 listed on Binance futures,0.04831,2025-06-04T08:45:00+00:00,0.04617,0.05558,0.04461,15.05,-7.66,40.0,2505.0,576.0,48 hours from listing (5m intervals),PORT3USDT.json,
BDXNUSDT,2025-05-30 09:35:07+00:00,BDXN,$BDXN listed on Binance alpha and futures,0.1,2025-06-03T10:30:00+00:00,0.05405,0.10043,0.05301,0.43,-46.99,0.0,2870.0,576.0,48 hours from listing (5m intervals),BDXNUSDT.json,
HYPEUSDT,2025-05-30 08:36:42+00:00,HYPE,$HYPE listed on Binance futures,33.387,2025-05-30T10:30:00+00:00,31.848,34.348,30.724,2.88,-7.98,525.0,1420.0,576.0,48 hours from listing (5m intervals),HYPEUSDT.json,
MERLUSDT,2025-05-28 10:33:51+00:00,MERL,$MERL listed on Binance futures,0.156,2025-05-29T08:30:00+00:00,0.1137,0.156,0.10885,0.0,-30.22,0.0,2385.0,576.0,48 hours from listing (5m intervals),MERLUSDT.json,
HUMAUSDT,2025-05-26 12:30:08+00:00,HUMA,$HUMA listed on Binance futures,0.08413,2025-05-26T13:00:00+00:00,0.054779,0.0999,0.053887,18.74,-35.95,0.0,2530.0,576.0,48 hours from listing (5m intervals),HUMAUSDT.json,
SOPHUSDT,2025-05-23 12:07:30+00:00,SOPH,$SOPH listed on Binance alpha and futures,0.092,2025-05-28T13:00:00+00:00,0.053922,0.092,0.050165,0.0,-45.47,0.0,2675.0,576.0,48 hours from listing (5m intervals),SOPHUSDT.json,
SOONUSDT,2025-05-23 05:49:48+00:00,SOON,$SOON listed on Binance futures,0.4908,2025-05-23T08:30:00+00:00,0.41145,0.645,0.38827,31.42,-20.89,95.0,2180.0,576.0,48 hours from listing (5m intervals),SOONUSDT.json,
AWEUSDT,2025-05-21 07:30:12+00:00,AWE,$AWE listed on Binance futures,0.06696,2025-05-21T08:00:00+00:00,0.067366,0.07187,0.063273,7.33,-5.51,1570.0,120.0,576.0,48 hours from listing (5m intervals),AWEUSDT.json,
AGTUSDT,2025-05-20 08:14:23+00:00,AGT,$AGT listed on Binance futures,0.029571,2025-05-20T10:30:00+00:00,0.032409,0.035924,0.026961,21.48,-8.83,2280.0,2450.0,576.0,48 hours from listing (5m intervals),AGTUSDT.json,
CVCUSDT,2025-05-16 06:36:18+00:00,CVC,$CVC listed on Binance futures,0.12941,2025-05-16T08:30:00+00:00,0.12351,0.13841,0.11615,6.95,-10.25,40.0,1765.0,576.0,48 hours from listing (5m intervals),CVCUSDT.json,
ZKJUSDT,2025-05-13 07:34:30+00:00,ZKJ,$ZKJ listed on Binance futures,2.11,2025-05-13T09:30:00+00:00,2.055,2.248,2.044,6.54,-3.13,0.0,1650.0,576.0,48 hours from listing (5m intervals),ZKJUSDT.json,
SKYAIUSDT,2025-05-13 07:34:30+00:00,SKYAI,$SKYAI listed on Binance futures,0.05826,2025-05-13T09:45:00+00:00,0.07136,0.09765,0.0575,67.61,-1.3,900.0,0.0,576.0,48 hours from listing (5m intervals),SKYAIUSDT.json,
OGUSDT,2025-05-12 07:03:09+00:00,OG,$OG listed on Binance futures,5.596,2025-05-12T09:00:00+00:00,5.289,5.946,4.996,6.25,-10.72,70.0,1105.0,576.0,48 hours from listing (5m intervals),OGUSDT.json,
SXTUSDT,2025-05-08 12:30:14+00:00,SXT,$SXT listed on Binance futures,0.5355,2025-05-02T08:30:00+00:00,0.28509,0.7732,0.27578,44.39,-48.5,5.0,2830.0,576.0,48 hours from listing (5m intervals),SXTUSDT.json,
DOODUSDT,2025-05-07 11:13:17+00:00,DOOD,$DOOD listed on Binance alpha and futures,0.0085694,2025-05-09T13:30:00+00:00,0.0069573,0.0092769,0.006605,8.26,-22.92,495.0,80.0,576.0,48 hours from listing (5m intervals),DOODUSDT.json,
SYRUPUSDT,2025-05-06 14:45:08+00:00,SYRUP,"$SYRUP, $KMNO listed on Binance futures",0.218,2025-05-07T08:30:00+00:00,0.23507,0.25166,0.1949,15.44,-10.6,5.0,490.0,576.0,48 hours from listing (5m intervals),SYRUPUSDT.json,
KMNOUSDT,2025-05-06 14:45:08+00:00,KMNO,"$SYRUP, $KMNO listed on Binance futures",0.1695,2024-12-20T19:00:00+00:00,0.16213,0.20617,0.15977,21.63,-5.74,300.0,2635.0,576.0,48 hours from listing (5m intervals),KMNOUSDT.json,
B2USDT,2025-05-06 09:29:06+00:00,B2,$B2 listed on Binance futures,0.6011,2025-05-06T13:30:00+00:00,0.5968,0.6987,0.525,16.24,-12.66,170.0,1615.0,576.0,48 hours from listing (5m intervals),B2USDT.json,
MILKUSDT,2025-05-06 09:29:06+00:00,MILK,$MILK listed on Binance futures,0.11939,2025-05-06T13:45:00+00:00,0.10746,0.13473,0.09824,12.85,-17.72,520.0,1860.0,576.0,48 hours from listing (5m intervals),MILKUSDT.json,
ALPINEUSDT,2025-05-06 07:38:22+00:00,ALPINE,$ALPINE listed on Binance futures,1.137,2025-05-06T09:45:00+00:00,0.9771,1.257,0.881,10.55,-22.52,165.0,2415.0,576.0,48 hours from listing (5m intervals),ALPINEUSDT.json,
ASRUSDT,2025-05-06 07:38:22+00:00,ASR,$ASR listed on Binance futures,1.86,2025-05-06T09:30:00+00:00,1.772,2.374,1.524,27.63,-18.06,0.0,2120.0,576.0,48 hours from listing (5m intervals),ASRUSDT.json,
OBOLUSDT,2025-05-03 08:52:55+00:00,OBOL,$OBOL listed on Binance alpha and futures,0.422,2025-05-07T10:30:00+00:00,0.26563,0.44,0.23796,4.27,-43.61,0.0,2110.0,576.0,48 hours from listing (5m intervals),OBOLUSDT.json,
AIOTUSDT,2025-04-30 10:48:01+00:00,AIOT,$AIOT listed on Binance futures,0.18151,2025-04-30T12:30:00+00:00,0.26125,0.29319,0.18151,61.53,0.0,65.0,0.0,576.0,48 hours from listing (5m intervals),AIOTUSDT.json,
DOLOUSDT,2025-04-30 10:48:01+00:00,DOLO,$DOLO listed on Binance futures,0.048,2025-05-01T03:00:00+00:00,0.062727,0.066779,0.048,39.12,0.0,2720.0,0.0,576.0,48 hours from listing (5m intervals),DOLOUSDT.json,
HAEDALUSDT,2025-04-30 10:48:01+00:00,HAEDAL,$HAEDAL listed on Binance futures,0.106,2025-05-01T03:15:00+00:00,0.191226,0.2088,0.103367,96.98,-2.48,2665.0,0.0,576.0,48 hours from listing (5m intervals),HAEDALUSDT.json,
PUNDIXLISTEDUSDT,2025-04-30 08:30:33+00:00,PUNDIXLISTED,$PUNDIXlisted on Binance futures,,,,,,,,,,,,,not currently listed on Binance futures
CTKUSDT,2025-04-30 08:30:33+00:00,CTK,$CTK listed on Binance futures,0.5149,2025-04-30T10:15:00+00:00,0.4405,0.5377,0.41,4.43,-20.37,10.0,1280.0,576.0,48 hours from listing (5m intervals),CTKUSDT.json,
SIGNUSDT,2025-04-28 10:30:20+00:00,SIGN,$SIGN listed on Binance futures,0.0748,2025-04-28T11:00:00+00:00,0.10018,0.13291,0.0665,77.69,-11.1,1165.0,1155.0,576.0,48 hours from listing (5m intervals),SIGNUSDT.json,
JSTUSDT,2025-04-28 07:29:49+00:00,JST,$JST listed on Binance futures,0.035101,2025-04-28T09:30:00+00:00,0.037541,0.041654,0.035101,18.67,0.0,0.0,0.0,576.0,48 hours from listing (5m intervals),JSTUSDT.json,
JSTUSDT,2025-04-28 07:29:49+00:00,JST,$JST listed on Binance futures,0.035101,2025-04-28T09:30:00+00:00,0.037541,0.041654,0.035101,18.67,0.0,0.0,0.0,576.0,48 hours from listing (5m intervals),JSTUSDT.json,
MEMEFIUSDT,2025-04-25 05:02:56+00:00,MEMEFI,$MEMEFI listed on Binance futures,0.001758,2025-04-25T07:15:00+00:00,0.002861,0.003149,0.001752,79.12,-0.34,2030.0,50.0,576.0,48 hours from listing (5m intervals),MEMEFIUSDT.json,
HYPERUSDT,2025-04-22 12:30:12+00:00,HYPER,$HYPER listed on Binance futures,0.256,2025-04-22T13:00:00+00:00,0.2048,0.3666,0.198,43.2,-22.66,735.0,2625.0,576.0,48 hours from listing (5m intervals),HYPERUSDT.json,
DEEPUSDT,2025-04-22 06:51:31+00:00,DEEP,$DEEP listed on Binance futures,0.12645,2025-04-22T08:30:00+00:00,0.16098,0.22532,0.10763,78.19,-14.88,1030.0,305.0,576.0,48 hours from listing (5m intervals),DEEPUSDT.json,
BANKUSDT,2025-04-18 17:03:48+00:00,BANK,$BANK listed on Binance futures,0.04,2025-04-18T18:30:00+00:00,0.042508,0.058862,0.04,47.15,0.0,10.0,0.0,576.0,48 hours from listing (5m intervals),BANKUSDT.json,
AERGOUSDT,2025-04-16 07:47:40+00:00,AERGO,$AERGO listed on Binance futures,0.328,2025-04-16T11:00:00+00:00,0.23546,0.43,0.11573,31.1,-64.72,0.0,800.0,576.0,48 hours from listing (5m intervals),AERGOUSDT.json,
INITUSDT,2025-04-16 03:16:04+00:00,INIT,$INIT listed on Binance futures,0.728,2025-04-16T06:30:00+00:00,0.758,0.8075,0.5847,10.92,-19.68,2000.0,0.0,576.0,48 hours from listing (5m intervals),INITUSDT.json,
INITUSDT,2025-04-16 03:16:04+00:00,INIT,$INIT listed on Binance futures,0.728,2025-04-16T06:30:00+00:00,0.758,0.8075,0.5847,10.92,-19.68,2000.0,0.0,576.0,48 hours from listing (5m intervals),INITUSDT.json,
WCTUSDT,2025-04-15 10:30:10+00:00,WCT,$WCT listed on Binance futures,0.342,2025-04-15T11:00:00+00:00,0.3869,0.5333,0.2756,55.94,-19.42,1285.0,730.0,576.0,48 hours from listing (5m intervals),WCTUSDT.json,
WCTUSDT,2025-04-15 10:30:10+00:00,WCT,$WCT listed on Binance futures,0.342,2025-04-15T11:00:00+00:00,0.3869,0.5333,0.2756,55.94,-19.42,1285.0,730.0,576.0,48 hours from listing (5m intervals),WCTUSDT.json,
KERNELUSDT,2025-04-14 11:30:18+00:00,KERNEL,$KERNEL listed on Binance futures,0.397,2025-04-14T12:00:00+00:00,0.2575,0.41,0.2222,3.27,-44.03,20.0,2000.0,576.0,48 hours from listing (5m intervals),KERNELUSDT.json,
PUMPUSDT,2025-04-12 12:55:12+00:00,PUMP,"$PUMP, $STO, $FHE listed on Binance futures",0.09561,2025-04-12T14:30:00+00:00,0.10478,0.138,0.08338,44.34,-12.79,750.0,15.0,576.0,48 hours from listing (5m intervals),PUMPUSDT.json,
STOUSDT,2025-04-12 12:55:12+00:00,STO,"$PUMP, $STO, $FHE listed on Binance futures",0.07541,2025-04-12T14:45:00+00:00,0.10078,0.12167,0.07541,61.34,0.0,30.0,0.0,576.0,48 hours from listing (5m intervals),STOUSDT.json,
FHEUSDT,2025-04-12 12:55:12+00:00,FHE,"$PUMP, $STO, $FHE listed on Binance futures",0.05881,2025-04-12T15:00:00+00:00,0.0561,0.10663,0.05098,81.31,-13.31,75.0,2560.0,576.0,48 hours from listing (5m intervals),FHEUSDT.json,
PUMPUSDT,2025-04-12 12:55:12+00:00,PUMP,"$PUMP, $STO, $FHE listed on Binance futures",0.09561,2025-04-12T14:30:00+00:00,0.10478,0.138,0.08338,44.34,-12.79,750.0,15.0,576.0,48 hours from listing (5m intervals),PUMPUSDT.json,
STOUSDT,2025-04-12 12:55:12+00:00,STO,"$PUMP, $STO, $FHE listed on Binance futures",0.07541,2025-04-12T14:45:00+00:00,0.10078,0.12167,0.07541,61.34,0.0,30.0,0.0,576.0,48 hours from listing (5m intervals),STOUSDT.json,
FHEUSDT,2025-04-12 12:55:12+00:00,FHE,"$PUMP, $STO, $FHE listed on Binance futures",0.05881,2025-04-12T15:00:00+00:00,0.0561,0.10663,0.05098,81.31,-13.31,75.0,2560.0,576.0,48 hours from listing (5m intervals),FHEUSDT.json,
XCNUSDT,2025-04-11 13:15:15+00:00,XCN,$XCN listed on Binance futures,0.02339,2025-04-11T15:30:00+00:00,0.02043,0.02688,0.01774,14.92,-24.16,50.0,360.0,576.0,48 hours from listing (5m intervals),XCNUSDT.json,
PROMPTUSDT,2025-04-11 04:35:18+00:00,PROMPT,$PROMPT listed on Binance futures,0.1636,2025-04-11T06:30:00+00:00,0.4732,0.625,0.1636,282.03,0.0,2010.0,0.0,576.0,48 hours from listing (5m intervals),PROMPTUSDT.json,
FORTHUSDT,2025-04-08 06:21:10+00:00,FORTH,$FORTH listed on Binance futures,2.482,2025-04-08T08:30:00+00:00,3.087,4.16,2.285,67.61,-7.94,460.0,70.0,576.0,48 hours from listing (5m intervals),FORTHUSDT.json,
BABYUSDT,2025-04-05 10:24:55+00:00,BABY,$BABY listed on Binance futures,0.0728,2025-04-05T13:30:00+00:00,0.07079,0.07549,0.05602,3.7,-23.05,2510.0,290.0,576.0,48 hours from listing (5m intervals),BABYUSDT.json,
ATHUSDT,2025-04-02 13:38:08+00:00,ATH,$ATH listed on Binance futures,0.03183,2025-04-02T15:45:00+00:00,0.02981,0.03272,0.0275,2.8,-13.6,0.0,435.0,576.0,48 hours from listing (5m intervals),ATHUSDT.json,
GUNUSDT,2025-03-31 12:30:38+00:00,GUN,$GUN listed on Binance futures,0.1145,2025-03-31T13:00:00+00:00,0.053,0.116,0.0522,1.31,-54.41,65.0,2875.0,576.0,48 hours from listing (5m intervals),GUNUSDT.json,
FUNUSDT,2025-03-31 07:02:10+00:00,FUN,"$FUN, $MLN listed on Binance futures",0.005001,2025-03-31T08:30:00+00:00,0.004087,0.005259,0.003808,5.16,-23.86,990.0,2690.0,576.0,48 hours from listing (5m intervals),FUNUSDT.json,
MLNUSDT,2025-03-31 07:02:10+00:00,MLN,"$FUN, $MLN listed on Binance futures",12.31,2025-03-31T08:45:00+00:00,11.44,15.61,10.58,26.81,-14.05,60.0,1990.0,576.0,48 hours from listing (5m intervals),MLNUSDT.json,
FUNUSDT,2025-03-31 07:02:10+00:00,FUN,"$FUN, $MLN listed on Binance futures",0.005001,2025-03-31T08:30:00+00:00,0.004087,0.005259,0.003808,5.16,-23.86,990.0,2690.0,576.0,48 hours from listing (5m intervals),FUNUSDT.json,
MLNUSDT,2025-03-31 07:02:10+00:00,MLN,"$FUN, $MLN listed on Binance futures",12.31,2025-03-31T08:45:00+00:00,11.44,15.61,10.58,26.81,-14.05,60.0,1990.0,576.0,48 hours from listing (5m intervals),MLNUSDT.json,
WALUSDT,2025-03-27 13:59:45+00:00,WAL,$WAL listed on Binance futures,0.491,2025-03-27T15:30:00+00:00,0.4085,0.5998,0.4055,22.16,-17.41,255.0,2835.0,576.0,48 hours from listing (5m intervals),WALUSDT.json,
PAXGUSDT,2025-03-27 07:07:26+00:00,PAXG,$PAXG listed on Binance futures,2988.0,2025-03-27T10:30:00+00:00,3101.31,3129.03,2988.0,4.72,0.0,0.0,0.0,576.0,48 hours from listing (5m intervals),PAXGUSDT.json,
JELLYJELLYUSDT,2025-03-26 15:16:12+00:00,JELLYJELLY,"$JELLYJELLY, $MAVIA listed on Binance futures",0.02432,2025-03-26T16:00:00+00:00,0.01536,0.02748,0.01524,12.99,-37.34,0.0,2670.0,576.0,48 hours from listing (5m intervals),JELLYJELLYUSDT.json,
MAVIAUSDT,2025-03-26 15:16:12+00:00,MAVIA,"$JELLYJELLY, $MAVIA listed on Binance futures",0.4179,2025-03-26T17:00:00+00:00,0.4277,0.52,0.3982,24.43,-4.71,90.0,1870.0,576.0,48 hours from listing (5m intervals),MAVIAUSDT.json,
JELLYJELLYUSDT,2025-03-26 15:16:12+00:00,JELLYJELLY,"$JELLYJELLY, $MAVIA listed on Binance futures",0.02432,2025-03-26T16:00:00+00:00,0.01536,0.02748,0.01524,12.99,-37.34,0.0,2670.0,576.0,48 hours from listing (5m intervals),JELLYJELLYUSDT.json,
MAVIAUSDT,2025-03-26 15:16:12+00:00,MAVIA,"$JELLYJELLY, $MAVIA listed on Binance futures",0.4179,2025-03-26T17:00:00+00:00,0.4277,0.52,0.3982,24.43,-4.71,90.0,1870.0,576.0,48 hours from listing (5m intervals),MAVIAUSDT.json,
PARTIUSDT,2025-03-25 12:30:08+00:00,PARTI,$PARTI listed on Binance futures,0.4,2025-03-25T13:00:00+00:00,0.336,0.4398,0.1972,9.95,-50.7,55.0,0.0,576.0,48 hours from listing (5m intervals),PARTIUSDT.json,
NILUSDT,2025-03-24 12:30:23+00:00,NIL,$NIL listed on Binance futures,0.772,2025-03-24T13:00:00+00:00,0.6397,0.9862,0.6,27.75,-22.28,0.0,1785.0,576.0,48 hours from listing (5m intervals),NILUSDT.json,
BRUSDT,2025-03-21 10:46:17+00:00,BR,"$BR, $PLUME listed on Binance futures",0.1696,2025-03-21T12:45:00+00:00,0.1819,0.1956,0.1563,15.33,-7.84,605.0,195.0,576.0,48 hours from listing (5m intervals),BRUSDT.json,
PLUMEUSDT,2025-03-21 10:46:17+00:00,PLUME,"$BR, $PLUME listed on Binance futures",0.2024,2025-03-21T13:00:00+00:00,0.1895,0.204,0.176,0.79,-13.04,90.0,1350.0,576.0,48 hours from listing (5m intervals),PLUMEUSDT.json,
BRUSDT,2025-03-21 10:46:17+00:00,BR,"$BR, $PLUME listed on Binance futures",0.1696,2025-03-21T12:45:00+00:00,0.1819,0.1956,0.1563,15.33,-7.84,605.0,195.0,576.0,48 hours from listing (5m intervals),BRUSDT.json,
PLUMEUSDT,2025-03-21 10:46:17+00:00,PLUME,"$BR, $PLUME listed on Binance futures",0.2024,2025-03-21T13:00:00+00:00,0.1895,0.204,0.176,0.79,-13.04,90.0,1350.0,576.0,48 hours from listing (5m intervals),PLUMEUSDT.json,
XUSDUSDT,2025-03-19 07:30:16+00:00,XUSD,"$XUSD, $FORM listed on Binance futures",,,,,,,,,,,,,not currently listed on Binance futures
FORMUSDT,2025-03-19 07:30:16+00:00,FORM,"$XUSD, $FORM listed on Binance futures",2.0,2025-03-19T08:00:00+00:00,1.7809,2.035,1.358,1.75,-32.1,10.0,0.0,576.0,48 hours from listing (5m intervals),FORMUSDT.json,
BMTUSDT,2025-03-17 11:31:04+00:00,BMT,"$BMT, $MUBARAK listed on Binance futures",0.1106,2025-03-17T13:30:00+00:00,0.2119,0.3224,0.1106,191.5,0.0,1545.0,0.0,576.0,48 hours from listing (5m intervals),BMTUSDT.json,
MUBARAKUSDT,2025-03-17 11:31:04+00:00,MUBARAK,"$BMT, $MUBARAK listed on Binance futures",0.0819,2025-03-17T13:45:00+00:00,0.1156,0.222,0.0819,171.06,0.0,695.0,0.0,576.0,48 hours from listing (5m intervals),MUBARAKUSDT.json,
BMTUSDT,2025-03-17 11:31:04+00:00,BMT,"$BMT, $MUBARAK listed on Binance futures",0.1106,2025-03-17T13:30:00+00:00,0.2119,0.3224,0.1106,191.5,0.0,1545.0,0.0,576.0,48 hours from listing (5m intervals),BMTUSDT.json,
MUBARAKUSDT,2025-03-17 11:31:04+00:00,MUBARAK,"$BMT, $MUBARAK listed on Binance futures",0.0819,2025-03-17T13:45:00+00:00,0.1156,0.222,0.0819,171.06,0.0,695.0,0.0,576.0,48 hours from listing (5m intervals),MUBARAKUSDT.json,
EPICUSDT,2025-03-13 07:30:17+00:00,EPIC,$EPIC listed on Binance futures,1.6773,2025-03-13T08:00:00+00:00,1.7641,1.9447,1.4354,15.94,-14.42,2255.0,15.0,576.0,48 hours from listing (5m intervals),EPICUSDT.json,
VICUSDT,2025-03-12 14:59:29+00:00,VIC,$VIC listed on Binance futures,0.3342,2025-03-12T17:00:00+00:00,0.2926,0.429,0.2775,28.37,-16.97,50.0,1390.0,576.0,48 hours from listing (5m intervals),VICUSDT.json,
REDUSDT,2025-03-06 15:30:18+00:00,RED,$RED listed on Binance futures,0.8413,2025-03-06T16:00:00+00:00,0.5859,0.93,0.5669,10.54,-32.62,0.0,720.0,576.0,48 hours from listing (5m intervals),REDUSDT.json,
KAITOUSDT,2025-02-20 12:30:29+00:00,KAITO,$KAITO listed on Binance futures,1.494,2025-02-20T13:00:00+00:00,1.664,2.131,0.8728,42.64,-41.58,1575.0,100.0,576.0,48 hours from listing (5m intervals),KAITOUSDT.json,
GPSUSDT,2025-02-17 15:09:00+00:00,GPS,"$GPS, $SHELL listed on Binance futures",0.141,2025-02-17T17:00:00+00:00,0.1282,0.143,0.1,1.42,-29.08,340.0,85.0,576.0,48 hours from listing (5m intervals),GPSUSDT.json,
SHELLUSDT,2025-02-17 15:09:00+00:00,SHELL,"$GPS, $SHELL listed on Binance futures",0.441,2025-02-17T17:15:00+00:00,0.4419,0.5429,0.3692,23.11,-16.28,2255.0,325.0,576.0,48 hours from listing (5m intervals),SHELLUSDT.json,
GPSUSDT,2025-02-17 15:09:00+00:00,GPS,"$GPS, $SHELL listed on Binance futures",0.141,2025-02-17T17:00:00+00:00,0.1282,0.143,0.1,1.42,-29.08,340.0,85.0,576.0,48 hours from listing (5m intervals),GPSUSDT.json,
SHELLUSDT,2025-02-17 15:09:00+00:00,SHELL,"$GPS, $SHELL listed on Binance futures",0.441,2025-02-17T17:15:00+00:00,0.4419,0.5429,0.3692,23.11,-16.28,2255.0,325.0,576.0,48 hours from listing (5m intervals),SHELLUSDT.json,
GPSUSDT,2025-02-17 15:09:00+00:00,GPS,"$GPS, $SHELL listed on Binance futures",0.141,2025-02-17T17:00:00+00:00,0.1282,0.143,0.1,1.42,-29.08,340.0,85.0,576.0,48 hours from listing (5m intervals),GPSUSDT.json,
SHELLUSDT,2025-02-17 15:09:00+00:00,SHELL,"$GPS, $SHELL listed on Binance futures",0.441,2025-02-17T17:15:00+00:00,0.4419,0.5429,0.3692,23.11,-16.28,2255.0,325.0,576.0,48 hours from listing (5m intervals),SHELLUSDT.json,
IPUSDT,2025-02-13 15:04:55+00:00,IP,$IP listed on Binance futures,1.57501,2025-02-13T17:00:00+00:00,1.48537,2.19362,1.43311,39.28,-9.01,450.0,2830.0,576.0,48 hours from listing (5m intervals),IPUSDT.json,
IPUSDT,2025-02-13 15:04:55+00:00,IP,$IP listed on Binance futures,1.57501,2025-02-13T17:00:00+00:00,1.48537,2.19362,1.43311,39.28,-9.01,450.0,2830.0,576.0,48 hours from listing (5m intervals),IPUSDT.json,
B3USDT,2025-02-13 09:45:13+00:00,B3,$B3 listed on Binance futures,0.01213,2025-02-13T11:30:00+00:00,0.00913,0.0147,0.00894,21.19,-26.3,70.0,2700.0,576.0,48 hours from listing (5m intervals),B3USDT.json,
HEIUSDT,2025-02-13 07:30:13+00:00,HEI,$HEI listed on Binance futures,1.0373,2025-02-13T09:00:00+00:00,0.7331,1.2801,0.7183,23.41,-30.75,245.0,2870.0,576.0,48 hours from listing (5m intervals),HEIUSDT.json,
LAYERUSDT,2025-02-11 13:31:14+00:00,LAYER,$LAYER listed on Binance futures,0.7921,2025-02-11T15:45:00+00:00,0.8413,1.4,0.6783,76.75,-14.37,830.0,45.0,576.0,48 hours from listing (5m intervals),LAYERUSDT.json,
CHEEMSUSDT,2025-02-09 10:30:13+00:00,CHEEMS,"$CHEEMS, $TST listed on Binance futures",,,,,,,,,,,,,not currently listed on Binance futures
TSTUSDT,2025-02-09 10:30:13+00:00,TST,"$CHEEMS, $TST listed on Binance futures",0.3735,2025-02-09T13:00:00+00:00,0.2144,0.3735,0.1462,0.0,-60.86,0.0,1335.0,576.0,48 hours from listing (5m intervals),TSTUSDT.json,
CHEEMSUSDT,2025-02-09 10:30:13+00:00,CHEEMS,"$CHEEMS, $TST listed on Binance futures",,,,,,,,,,,,,not currently listed on Binance futures
TSTUSDT,2025-02-09 10:30:13+00:00,TST,"$CHEEMS, $TST listed on Binance futures",0.3735,2025-02-09T13:00:00+00:00,0.2144,0.3735,0.1462,0.0,-60.86,0.0,1335.0,576.0,48 hours from listing (5m intervals),TSTUSDT.json,
CHEEMSUSDT,2025-02-09 10:30:13+00:00,CHEEMS,"$CHEEMS, $TST listed on Binance futures",,,,,,,,,,,,,not currently listed on Binance futures
TSTUSDT,2025-02-09 10:30:13+00:00,TST,"$CHEEMS, $TST listed on Binance futures",0.3735,2025-02-09T13:00:00+00:00,0.2144,0.3735,0.1462,0.0,-60.86,0.0,1335.0,576.0,48 hours from listing (5m intervals),TSTUSDT.json,
BERAUSDT,2025-02-06 12:30:13+00:00,BERA,$BERA listed on Binance futures,11.828,2025-02-06T15:00:00+00:00,6.438,11.828,6.207,0.0,-47.52,0.0,2420.0,576.0,48 hours from listing (5m intervals),BERAUSDT.json,
BERAUSDT,2025-02-06 12:30:13+00:00,BERA,$BERA listed on Binance futures,11.828,2025-02-06T15:00:00+00:00,6.438,11.828,6.207,0.0,-47.52,0.0,2420.0,576.0,48 hours from listing (5m intervals),BERAUSDT.json,
VVVUSDT,2025-01-29 05:52:23+00:00,VVV,$VVV listed on Binance futures,10.636,2025-01-29T08:15:00+00:00,5.484,10.9,5.311,2.48,-50.07,0.0,2675.0,576.0,48 hours from listing (5m intervals),VVVUSDT.json,
VINEUSDT,2025-01-24 07:10:09+00:00,VINE,"$VINE, $PIPPIN listed on Binance futures",0.20194,2025-01-24T10:00:00+00:00,0.44946,0.4755,0.1064,135.47,-47.31,2835.0,695.0,576.0,48 hours from listing (5m intervals),VINEUSDT.json,
PIPPINUSDT,2025-01-24 07:10:09+00:00,PIPPIN,"$VINE, $PIPPIN listed on Binance futures",0.138,2025-01-24T10:15:00+00:00,0.12657,0.1644,0.10223,19.13,-25.92,1155.0,875.0,576.0,48 hours from listing (5m intervals),PIPPINUSDT.json,
VINEUSDT,2025-01-24 07:10:09+00:00,VINE,"$VINE, $PIPPIN listed on Binance futures",0.20194,2025-01-24T10:00:00+00:00,0.44946,0.4755,0.1064,135.47,-47.31,2835.0,695.0,576.0,48 hours from listing (5m intervals),VINEUSDT.json,
PIPPINUSDT,2025-01-24 07:10:09+00:00,PIPPIN,"$VINE, $PIPPIN listed on Binance futures",0.138,2025-01-24T10:15:00+00:00,0.12657,0.1644,0.10223,19.13,-25.92,1155.0,875.0,576.0,48 hours from listing (5m intervals),PIPPINUSDT.json,
ANIMEUSDT,2025-01-23 14:30:22+00:00,ANIME,$ANIME listed on Binance futures,0.087,2025-01-23T17:00:00+00:00,0.057,0.0948,0.0545,8.97,-37.36,55.0,2485.0,576.0,48 hours from listing (5m intervals),ANIMEUSDT.json,
ANIMEUSDT,2025-01-23 14:30:22+00:00,ANIME,$ANIME listed on Binance futures,0.087,2025-01-23T17:00:00+00:00,0.057,0.0948,0.0545,8.97,-37.36,55.0,2485.0,576.0,48 hours from listing (5m intervals),ANIMEUSDT.json,
VTHOUSDT,2025-01-22 07:30:18+00:00,VTHO,$VTHO listed on Binance futures,0.00822,2025-01-22T09:30:00+00:00,0.005758,0.008662,0.005539,5.38,-32.62,10.0,2465.0,576.0,48 hours from listing (5m intervals),VTHOUSDT.json,
MELANIAUSDT,2025-01-20 06:55:17+00:00,MELANIA,$MELANIA listed on Binance futures,11.0,2025-01-20T09:30:00+00:00,4.003,11.694,3.281,6.31,-70.17,55.0,925.0,576.0,48 hours from listing (5m intervals),MELANIAUSDT.json,
MELANIAUSDT,2025-01-20 06:55:17+00:00,MELANIA,$MELANIA listed on Binance futures,11.0,2025-01-20T09:30:00+00:00,4.003,11.694,3.281,6.31,-70.17,55.0,925.0,576.0,48 hours from listing (5m intervals),MELANIAUSDT.json,
TRUMPUSDT,2025-01-18 10:43:13+00:00,TRUMP,$TRUMP listed on Binance futures,22.099,2025-01-18T13:00:00+00:00,49.151,79.7,17.721,260.65,-19.81,1215.0,10.0,576.0,48 hours from listing (5m intervals),TRUMPUSDT.json,
TRUMPUSDT,2025-01-18 10:43:13+00:00,TRUMP,$TRUMP listed on Binance futures,22.099,2025-01-18T13:00:00+00:00,49.151,79.7,17.721,260.65,-19.81,1215.0,10.0,576.0,48 hours from listing (5m intervals),TRUMPUSDT.json,
ARCUSDT,2025-01-17 10:07:08+00:00,ARC,"$ARC, $AVAAI listed on Binance futures",0.33331,2025-01-17T13:00:00+00:00,0.49062,0.577,0.30607,73.11,-8.17,2795.0,150.0,576.0,48 hours from listing (5m intervals),ARCUSDT.json,
AVAAIUSDT,2025-01-17 10:07:08+00:00,AVAAI,"$ARC, $AVAAI listed on Binance futures",0.22957,2025-01-17T13:15:00+00:00,0.21068,0.2752,0.15688,19.88,-31.66,2220.0,1545.0,576.0,48 hours from listing (5m intervals),AVAAIUSDT.json,
ARCUSDT,2025-01-17 10:07:08+00:00,ARC,"$ARC, $AVAAI listed on Binance futures",0.33331,2025-01-17T13:00:00+00:00,0.49062,0.577,0.30607,73.11,-8.17,2795.0,150.0,576.0,48 hours from listing (5m intervals),ARCUSDT.json,
AVAAIUSDT,2025-01-17 10:07:08+00:00,AVAAI,"$ARC, $AVAAI listed on Binance futures",0.22957,2025-01-17T13:15:00+00:00,0.21068,0.2752,0.15688,19.88,-31.66,2220.0,1545.0,576.0,48 hours from listing (5m intervals),AVAAIUSDT.json,
ARCUSDT,2025-01-17 10:07:08+00:00,ARC,"$ARC, $AVAAI listed on Binance futures",0.33331,2025-01-17T13:00:00+00:00,0.49062,0.577,0.30607,73.11,-8.17,2795.0,150.0,576.0,48 hours from listing (5m intervals),ARCUSDT.json,
AVAAIUSDT,2025-01-17 10:07:08+00:00,AVAAI,"$ARC, $AVAAI listed on Binance futures",0.22957,2025-01-17T13:15:00+00:00,0.21068,0.2752,0.15688,19.88,-31.66,2220.0,1545.0,576.0,48 hours from listing (5m intervals),AVAAIUSDT.json,
SOLVUSDT,2025-01-17 09:30:15+00:00,SOLV,$SOLV listed on Binance futures,0.159,2025-01-17T12:15:00+00:00,0.0803,0.159,0.0742,0.0,-53.33,0.0,2700.0,576.0,48 hours from listing (5m intervals),SOLVUSDT.json,
SUSDT,2025-01-16 07:30:15+00:00,S,$S listed on Binance futures,0.8,2025-01-16T10:00:00+00:00,0.6849,0.822,0.6726,2.75,-15.93,120.0,2780.0,576.0,48 hours from listing (5m intervals),SUSDT.json,
PROMUSDT,2025-01-15 10:40:04+00:00,PROM,$PROM listed on Binance futures,8.32,2025-01-15T12:30:00+00:00,7.288,9.333,7.102,12.18,-14.64,45.0,2165.0,576.0,48 hours from listing (5m intervals),PROMUSDT.json,
PROMUSDT,2025-01-15 10:40:04+00:00,PROM,$PROM listed on Binance futures,8.32,2025-01-15T12:30:00+00:00,7.288,9.333,7.102,12.18,-14.64,45.0,2165.0,576.0,48 hours from listing (5m intervals),PROMUSDT.json,
DUSDT,2025-01-09 07:30:08+00:00,D,$D listed on Binance futures,0.20048,2025-01-09T10:00:00+00:00,0.15989,0.20799,0.15542,3.75,-22.48,450.0,2635.0,576.0,48 hours from listing (5m intervals),DUSDT.json,
SONICUSDT,2025-01-08 04:54:32+00:00,SONIC,$SONIC listed on Binance futures,0.9477,2025-01-08T07:00:00+00:00,0.8482,1.0328,0.7358,8.98,-22.36,100.0,1900.0,576.0,48 hours from listing (5m intervals),SONICUSDT.json,
COOKIEUSDT,2025-01-07 08:58:04+00:00,COOKIE,"$COOKIE, $ALCH, $SWARMS listed on Binance futures",0.6386,2025-01-07T11:30:00+00:00,0.4747,0.7052,0.4457,10.43,-30.21,150.0,2670.0,576.0,48 hours from listing (5m intervals),COOKIEUSDT.json,
ALCHUSDT,2025-01-07 08:58:04+00:00,ALCH,"$COOKIE, $ALCH, $SWARMS listed on Binance futures",0.19469,2025-01-07T11:45:00+00:00,0.14248,0.23,0.13727,18.14,-29.49,315.0,2645.0,576.0,48 hours from listing (5m intervals),ALCHUSDT.json,
SWARMSUSDT,2025-01-07 08:58:04+00:00,SWARMS,"$COOKIE, $ALCH, $SWARMS listed on Binance futures",0.4926,2025-01-07T12:15:00+00:00,0.288,0.5072,0.2615,2.96,-46.91,0.0,2575.0,576.0,48 hours from listing (5m intervals),SWARMSUSDT.json,
COOKIEUSDT,2025-01-07 08:58:04+00:00,COOKIE,"$COOKIE, $ALCH, $SWARMS listed on Binance futures",0.6386,2025-01-07T11:30:00+00:00,0.4747,0.7052,0.4457,10.43,-30.21,150.0,2670.0,576.0,48 hours from listing (5m intervals),COOKIEUSDT.json,
ALCHUSDT,2025-01-07 08:58:04+00:00,ALCH,"$COOKIE, $ALCH, $SWARMS listed on Binance futures",0.19469,2025-01-07T11:45:00+00:00,0.14248,0.23,0.13727,18.14,-29.49,315.0,2645.0,576.0,48 hours from listing (5m intervals),ALCHUSDT.json,
SWARMSUSDT,2025-01-07 08:58:04+00:00,SWARMS,"$COOKIE, $ALCH, $SWARMS listed on Binance futures",0.4926,2025-01-07T12:15:00+00:00,0.288,0.5072,0.2615,2.96,-46.91,0.0,2575.0,576.0,48 hours from listing (5m intervals),SWARMSUSDT.json,
COOKIEUSDT,2025-01-07 08:58:04+00:00,COOKIE,"$COOKIE, $ALCH, $SWARMS listed on Binance futures",0.6386,2025-01-07T11:30:00+00:00,0.4747,0.7052,0.4457,10.43,-30.21,150.0,2670.0,576.0,48 hours from listing (5m intervals),COOKIEUSDT.json,
ALCHUSDT,2025-01-07 08:58:04+00:00,ALCH,"$COOKIE, $ALCH, $SWARMS listed on Binance futures",0.19469,2025-01-07T11:45:00+00:00,0.14248,0.23,0.13727,18.14,-29.49,315.0,2645.0,576.0,48 hours from listing (5m intervals),ALCHUSDT.json,
SWARMSUSDT,2025-01-07 08:58:04+00:00,SWARMS,"$COOKIE, $ALCH, $SWARMS listed on Binance futures",0.4926,2025-01-07T12:15:00+00:00,0.288,0.5072,0.2615,2.96,-46.91,0.0,2575.0,576.0,48 hours from listing (5m intervals),SWARMSUSDT.json,
COOKIEUSDT,2025-01-07 08:58:04+00:00,COOKIE,"$COOKIE, $ALCH, $SWARMS listed on Binance futures",0.6386,2025-01-07T11:30:00+00:00,0.4747,0.7052,0.4457,10.43,-30.21,150.0,2670.0,576.0,48 hours from listing (5m intervals),COOKIEUSDT.json,
ALCHUSDT,2025-01-07 08:58:04+00:00,ALCH,"$COOKIE, $ALCH, $SWARMS listed on Binance futures",0.19469,2025-01-07T11:45:00+00:00,0.14248,0.23,0.13727,18.14,-29.49,315.0,2645.0,576.0,48 hours from listing (5m intervals),ALCHUSDT.json,
SWARMSUSDT,2025-01-07 08:58:04+00:00,SWARMS,"$COOKIE, $ALCH, $SWARMS listed on Binance futures",0.4926,2025-01-07T12:15:00+00:00,0.288,0.5072,0.2615,2.96,-46.91,0.0,2575.0,576.0,48 hours from listing (5m intervals),SWARMSUSDT.json,
BIOUSDT,2025-01-03 09:30:25+00:00,BIO,$BIO listed on Binance futures,0.7263,2025-01-03T12:15:00+00:00,0.6826,0.9094,0.6597,25.21,-9.17,60.0,1655.0,576.0,48 hours from listing (5m intervals),BIOUSDT.json,
BIOUSDT,2025-01-03 09:30:25+00:00,BIO,$BIO listed on Binance futures,0.7263,2025-01-03T12:15:00+00:00,0.6826,0.9094,0.6597,25.21,-9.17,60.0,1655.0,576.0,48 hours from listing (5m intervals),BIOUSDT.json,
GRIFFAINUSDT,2025-01-02 10:50:40+00:00,GRIFFAIN,"$GRIFFAIN, $AI16Z, $ZEREBRO listed on Binance futures",0.40692,2025-01-02T13:30:00+00:00,0.41999,0.48896,0.36316,20.16,-10.75,1805.0,175.0,576.0,48 hours from listing (5m intervals),GRIFFAINUSDT.json,
AI16ZUSDT,2025-01-02 10:50:40+00:00,AI16Z,"$GRIFFAIN, $AI16Z, $ZEREBRO listed on Binance futures",2.0762,2025-01-02T13:45:00+00:00,1.9986,2.4883,1.8994,19.85,-8.52,345.0,155.0,576.0,48 hours from listing (5m intervals),AI16ZUSDT.json,
ZEREBROUSDT,2025-01-02 10:50:40+00:00,ZEREBRO,"$GRIFFAIN, $AI16Z, $ZEREBRO listed on Binance futures",0.6778,2025-01-02T14:00:00+00:00,0.5558,0.7328,0.54,8.11,-20.33,320.0,2705.0,576.0,48 hours from listing (5m intervals),ZEREBROUSDT.json,
GRIFFAINUSDT,2025-01-02 10:50:40+00:00,GRIFFAIN,"$GRIFFAIN, $AI16Z, $ZEREBRO listed on Binance futures",0.40692,2025-01-02T13:30:00+00:00,0.41999,0.48896,0.36316,20.16,-10.75,1805.0,175.0,576.0,48 hours from listing (5m intervals),GRIFFAINUSDT.json,
AI16ZUSDT,2025-01-02 10:50:40+00:00,AI16Z,"$GRIFFAIN, $AI16Z, $ZEREBRO listed on Binance futures",2.0762,2025-01-02T13:45:00+00:00,1.9986,2.4883,1.8994,19.85,-8.52,345.0,155.0,576.0,48 hours from listing (5m intervals),AI16ZUSDT.json,
ZEREBROUSDT,2025-01-02 10:50:40+00:00,ZEREBRO,"$GRIFFAIN, $AI16Z, $ZEREBRO listed on Binance futures",0.6778,2025-01-02T14:00:00+00:00,0.5558,0.7328,0.54,8.11,-20.33,320.0,2705.0,576.0,48 hours from listing (5m intervals),ZEREBROUSDT.json,
GRIFFAINUSDT,2025-01-02 10:50:40+00:00,GRIFFAIN,"$GRIFFAIN, $AI16Z, $ZEREBRO listed on Binance futures",0.40692,2025-01-02T13:30:00+00:00,0.41999,0.48896,0.36316,20.16,-10.75,1805.0,175.0,576.0,48 hours from listing (5m intervals),GRIFFAINUSDT.json,
AI16ZUSDT,2025-01-02 10:50:40+00:00,AI16Z,"$GRIFFAIN, $AI16Z, $ZEREBRO listed on Binance futures",2.0762,2025-01-02T13:45:00+00:00,1.9986,2.4883,1.8994,19.85,-8.52,345.0,155.0,576.0,48 hours from listing (5m intervals),AI16ZUSDT.json,
ZEREBROUSDT,2025-01-02 10:50:40+00:00,ZEREBRO,"$GRIFFAIN, $AI16Z, $ZEREBRO listed on Binance futures",0.6778,2025-01-02T14:00:00+00:00,0.5558,0.7328,0.54,8.11,-20.33,320.0,2705.0,576.0,48 hours from listing (5m intervals),ZEREBROUSDT.json,
PHAUSDT,2024-12-30 09:15:08+00:00,PHA,"$PHA, $DF listed on Binance futures",0.44936,2024-12-30T11:30:00+00:00,0.39863,0.47775,0.35517,6.32,-20.96,85.0,1445.0,576.0,48 hours from listing (5m intervals),PHAUSDT.json,
DFUSDT,2024-12-30 09:15:08+00:00,DF,"$PHA, $DF listed on Binance futures",0.09669,2024-12-30T11:45:00+00:00,0.08726,0.108,0.08071,11.7,-16.53,10.0,0.0,576.0,48 hours from listing (5m intervals),DFUSDT.json,
PHAUSDT,2024-12-30 09:15:08+00:00,PHA,"$PHA, $DF listed on Binance futures",0.44936,2024-12-30T11:30:00+00:00,0.39863,0.47775,0.35517,6.32,-20.96,85.0,1445.0,576.0,48 hours from listing (5m intervals),PHAUSDT.json,
DFUSDT,2024-12-30 09:15:08+00:00,DF,"$PHA, $DF listed on Binance futures",0.09669,2024-12-30T11:45:00+00:00,0.08726,0.108,0.08071,11.7,-16.53,10.0,0.0,576.0,48 hours from listing (5m intervals),DFUSDT.json,
PHAUSDT,2024-12-30 09:15:08+00:00,PHA,"$PHA, $DF listed on Binance futures",0.44936,2024-12-30T11:30:00+00:00,0.39863,0.47775,0.35517,6.32,-20.96,85.0,1445.0,576.0,48 hours from listing (5m intervals),PHAUSDT.json,
DFUSDT,2024-12-30 09:15:08+00:00,DF,"$PHA, $DF listed on Binance futures",0.09669,2024-12-30T11:45:00+00:00,0.08726,0.108,0.08071,11.7,-16.53,10.0,0.0,576.0,48 hours from listing (5m intervals),DFUSDT.json,
DEXEUSDT,2024-12-24 09:15:07+00:00,DEXE,$DEXE listed on Binance futures,12.73,2024-12-24T11:30:00+00:00,13.161,15.849,12.548,24.5,-1.43,820.0,35.0,576.0,48 hours from listing (5m intervals),DEXEUSDT.json,
HIVEUSDT,2024-12-23 09:15:25+00:00,HIVE,$HIVE listed on Binance futures,0.37638,2024-12-23T11:30:00+00:00,0.33113,0.38882,0.32416,3.31,-13.87,770.0,2380.0,576.0,48 hours from listing (5m intervals),HIVEUSDT.json,
AIXBTUSDT,2024-12-20 16:04:14+00:00,AIXBT,"$AIXBT, $FARTCOIN, $KMNO, $CGPT listed on Binance futures",0.2585,2024-12-20T18:30:00+00:00,0.28899,0.37997,0.2585,46.99,0.0,1065.0,0.0,576.0,48 hours from listing (5m intervals),AIXBTUSDT.json,
FARTCOINUSDT,2024-12-20 16:04:14+00:00,FARTCOIN,"$AIXBT, $FARTCOIN, $KMNO, $CGPT listed on Binance futures",1.0336,2024-12-20T18:45:00+00:00,0.772,1.1736,0.7182,13.54,-30.51,60.0,1855.0,576.0,48 hours from listing (5m intervals),FARTCOINUSDT.json,
KMNOUSDT,2024-12-20 16:04:14+00:00,KMNO,"$AIXBT, $FARTCOIN, $KMNO, $CGPT listed on Binance futures",0.1695,2024-12-20T19:00:00+00:00,0.16213,0.20617,0.15977,21.63,-5.74,300.0,2635.0,576.0,48 hours from listing (5m intervals),KMNOUSDT.json,
CGPTUSDT,2024-12-20 16:04:14+00:00,CGPT,"$AIXBT, $FARTCOIN, $KMNO, $CGPT listed on Binance futures",0.22,2024-12-20T19:15:00+00:00,0.21299,0.28295,0.21,28.61,-4.55,1175.0,305.0,576.0,48 hours from listing (5m intervals),CGPTUSDT.json,
AIXBTUSDT,2024-12-20 16:04:14+00:00,AIXBT,"$AIXBT, $FARTCOIN, $KMNO, $CGPT listed on Binance futures",0.2585,2024-12-20T18:30:00+00:00,0.28899,0.37997,0.2585,46.99,0.0,1065.0,0.0,576.0,48 hours from listing (5m intervals),AIXBTUSDT.json,
FARTCOINUSDT,2024-12-20 16:04:14+00:00,FARTCOIN,"$AIXBT, $FARTCOIN, $KMNO, $CGPT listed on Binance futures",1.0336,2024-12-20T18:45:00+00:00,0.772,1.1736,0.7182,13.54,-30.51,60.0,1855.0,576.0,48 hours from listing (5m intervals),FARTCOINUSDT.json,
KMNOUSDT,2024-12-20 16:04:14+00:00,KMNO,"$AIXBT, $FARTCOIN, $KMNO, $CGPT listed on Binance futures",0.1695,2024-12-20T19:00:00+00:00,0.16213,0.20617,0.15977,21.63,-5.74,300.0,2635.0,576.0,48 hours from listing (5m intervals),KMNOUSDT.json,
CGPTUSDT,2024-12-20 16:04:14+00:00,CGPT,"$AIXBT, $FARTCOIN, $KMNO, $CGPT listed on Binance futures",0.22,2024-12-20T19:15:00+00:00,0.21299,0.28295,0.21,28.61,-4.55,1175.0,305.0,576.0,48 hours from listing (5m intervals),CGPTUSDT.json,
AIXBTUSDT,2024-12-20 16:04:14+00:00,AIXBT,"$AIXBT, $FARTCOIN, $KMNO, $CGPT listed on Binance futures",0.2585,2024-12-20T18:30:00+00:00,0.28899,0.37997,0.2585,46.99,0.0,1065.0,0.0,576.0,48 hours from listing (5m intervals),AIXBTUSDT.json,
FARTCOINUSDT,2024-12-20 16:04:14+00:00,FARTCOIN,"$AIXBT, $FARTCOIN, $KMNO, $CGPT listed on Binance futures",1.0336,2024-12-20T18:45:00+00:00,0.772,1.1736,0.7182,13.54,-30.51,60.0,1855.0,576.0,48 hours from listing (5m intervals),FARTCOINUSDT.json,
KMNOUSDT,2024-12-20 16:04:14+00:00,KMNO,"$AIXBT, $FARTCOIN, $KMNO, $CGPT listed on Binance futures",0.1695,2024-12-20T19:00:00+00:00,0.16213,0.20617,0.15977,21.63,-5.74,300.0,2635.0,576.0,48 hours from listing (5m intervals),KMNOUSDT.json,
CGPTUSDT,2024-12-20 16:04:14+00:00,CGPT,"$AIXBT, $FARTCOIN, $KMNO, $CGPT listed on Binance futures",0.22,2024-12-20T19:15:00+00:00,0.21299,0.28295,0.21,28.61,-4.55,1175.0,305.0,576.0,48 hours from listing (5m intervals),CGPTUSDT.json,
AIXBTUSDT,2024-12-20 16:04:14+00:00,AIXBT,"$AIXBT, $FARTCOIN, $KMNO, $CGPT listed on Binance futures",0.2585,2024-12-20T18:30:00+00:00,0.28899,0.37997,0.2585,46.99,0.0,1065.0,0.0,576.0,48 hours from listing (5m intervals),AIXBTUSDT.json,
FARTCOINUSDT,2024-12-20 16:04:14+00:00,FARTCOIN,"$AIXBT, $FARTCOIN, $KMNO, $CGPT listed on Binance futures",1.0336,2024-12-20T18:45:00+00:00,0.772,1.1736,0.7182,13.54,-30.51,60.0,1855.0,576.0,48 hours from listing (5m intervals),FARTCOINUSDT.json,
KMNOUSDT,2024-12-20 16:04:14+00:00,KMNO,"$AIXBT, $FARTCOIN, $KMNO, $CGPT listed on Binance futures",0.1695,2024-12-20T19:00:00+00:00,0.16213,0.20617,0.15977,21.63,-5.74,300.0,2635.0,576.0,48 hours from listing (5m intervals),KMNOUSDT.json,
CGPTUSDT,2024-12-20 16:04:14+00:00,CGPT,"$AIXBT, $FARTCOIN, $KMNO, $CGPT listed on Binance futures",0.22,2024-12-20T19:15:00+00:00,0.21299,0.28295,0.21,28.61,-4.55,1175.0,305.0,576.0,48 hours from listing (5m intervals),CGPTUSDT.json,
AIXBTUSDT,2024-12-20 16:04:14+00:00,AIXBT,"$AIXBT, $FARTCOIN, $KMNO, $CGPT listed on Binance futures",0.2585,2024-12-20T18:30:00+00:00,0.28899,0.37997,0.2585,46.99,0.0,1065.0,0.0,576.0,48 hours from listing (5m intervals),AIXBTUSDT.json,
FARTCOINUSDT,2024-12-20 16:04:14+00:00,FARTCOIN,"$AIXBT, $FARTCOIN, $KMNO, $CGPT listed on Binance futures",1.0336,2024-12-20T18:45:00+00:00,0.772,1.1736,0.7182,13.54,-30.51,60.0,1855.0,576.0,48 hours from listing (5m intervals),FARTCOINUSDT.json,
KMNOUSDT,2024-12-20 16:04:14+00:00,KMNO,"$AIXBT, $FARTCOIN, $KMNO, $CGPT listed on Binance futures",0.1695,2024-12-20T19:00:00+00:00,0.16213,0.20617,0.15977,21.63,-5.74,300.0,2635.0,576.0,48 hours from listing (5m intervals),KMNOUSDT.json,
CGPTUSDT,2024-12-20 16:04:14+00:00,CGPT,"$AIXBT, $FARTCOIN, $KMNO, $CGPT listed on Binance futures",0.22,2024-12-20T19:15:00+00:00,0.21299,0.28295,0.21,28.61,-4.55,1175.0,305.0,576.0,48 hours from listing (5m intervals),CGPTUSDT.json,
USUALUSDT,2024-12-18 10:30:07+00:00,USUAL,$USUAL listed on Binance futures,0.7784,2024-12-18T13:00:00+00:00,1.346,1.65,0.7784,111.97,0.0,2480.0,0.0,576.0,48 hours from listing (5m intervals),USUALUSDT.json,
LUMIAUSDT,2024-12-18 09:29:11+00:00,LUMIA,$LUMIA listed on Binance futures,1.626,2024-12-18T11:30:00+00:00,1.343,1.948,1.317,19.8,-19.0,165.0,2840.0,576.0,48 hours from listing (5m intervals),LUMIAUSDT.json,
LUMIAUSDT,2024-12-18 09:29:11+00:00,LUMIA,$LUMIA listed on Binance futures,1.626,2024-12-18T11:30:00+00:00,1.343,1.948,1.317,19.8,-19.0,165.0,2840.0,576.0,48 hours from listing (5m intervals),LUMIAUSDT.json,
VANAUSDT,2024-12-16 11:00:34+00:00,VANA,$VANA listed on Binance futures,25.101,2024-12-16T13:30:00+00:00,16.821,33.753,15.335,34.47,-38.91,600.0,2195.0,576.0,48 hours from listing (5m intervals),VANAUSDT.json,
VANAUSDT,2024-12-16 11:00:34+00:00,VANA,$VANA listed on Binance futures,25.101,2024-12-16T13:30:00+00:00,16.821,33.753,15.335,34.47,-38.91,600.0,2195.0,576.0,48 hours from listing (5m intervals),VANAUSDT.json,
MOCAUSDT,2024-12-16 09:19:52+00:00,MOCA,$MOCA listed on Binance futures,0.2331,2024-12-16T11:30:00+00:00,0.1408,0.2347,0.1236,0.69,-46.98,0.0,2210.0,576.0,48 hours from listing (5m intervals),MOCAUSDT.json,
MOCAUSDT,2024-12-16 09:19:52+00:00,MOCA,$MOCA listed on Binance futures,0.2331,2024-12-16T11:30:00+00:00,0.1408,0.2347,0.1236,0.69,-46.98,0.0,2210.0,576.0,48 hours from listing (5m intervals),MOCAUSDT.json,
VELODROMEUSDT,2024-12-13 13:30:32+00:00,VELODROME,$VELODROME listed on Binance futures,0.30834,2024-12-13T16:15:00+00:00,0.2416,0.30989,0.232,0.5,-24.76,0.0,1775.0,576.0,48 hours from listing (5m intervals),VELODROMEUSDT.json,
VELODROMEUSDT,2024-12-13 13:30:32+00:00,VELODROME,$VELODROME listed on Binance futures,0.30834,2024-12-13T16:15:00+00:00,0.2416,0.30989,0.232,0.5,-24.76,0.0,1775.0,576.0,48 hours from listing (5m intervals),VELODROMEUSDT.json,
AVAUSDT,2024-12-13 10:39:44+00:00,AVA,"$AVA, $DEGO listed on Binance futures",3.0866,2024-12-13T13:00:00+00:00,1.9662,3.345,1.92,8.37,-37.8,25.0,2555.0,576.0,48 hours from listing (5m intervals),AVAUSDT.json,
DEGOUSDT,2024-12-13 10:39:44+00:00,DEGO,"$AVA, $DEGO listed on Binance futures",3.6302,2024-12-13T13:15:00+00:00,3.2153,4.55,3.1311,25.34,-13.75,180.0,2540.0,576.0,48 hours from listing (5m intervals),DEGOUSDT.json,
AVAUSDT,2024-12-13 10:39:44+00:00,AVA,"$AVA, $DEGO listed on Binance futures",3.0866,2024-12-13T13:00:00+00:00,1.9662,3.345,1.92,8.37,-37.8,25.0,2555.0,576.0,48 hours from listing (5m intervals),AVAUSDT.json,
DEGOUSDT,2024-12-13 10:39:44+00:00,DEGO,"$AVA, $DEGO listed on Binance futures",3.6302,2024-12-13T13:15:00+00:00,3.2153,4.55,3.1311,25.34,-13.75,180.0,2540.0,576.0,48 hours from listing (5m intervals),DEGOUSDT.json,
AVAUSDT,2024-12-13 10:39:44+00:00,AVA,"$AVA, $DEGO listed on Binance futures",3.0866,2024-12-13T13:00:00+00:00,1.9662,3.345,1.92,8.37,-37.8,25.0,2555.0,576.0,48 hours from listing (5m intervals),AVAUSDT.json,
DEGOUSDT,2024-12-13 10:39:44+00:00,DEGO,"$AVA, $DEGO listed on Binance futures",3.6302,2024-12-13T13:15:00+00:00,3.2153,4.55,3.1311,25.34,-13.75,180.0,2540.0,576.0,48 hours from listing (5m intervals),DEGOUSDT.json,
MEUSDT,2024-12-10 14:36:41+00:00,ME,$ME listed on Binance futures,4.29,2024-12-10T17:00:00+00:00,4.75,7.46,4.29,73.89,0.0,535.0,0.0,576.0,48 hours from listing (5m intervals),MEUSDT.json,
RAYUSDT,2024-12-10 09:19:48+00:00,RAY,"$RAY, $KOMA, $VIRTUAL, $SPX listed on Binance futures",7.614,2021-08-20T03:30:00+00:00,7.421,8.273,7.2,8.66,-5.44,680.0,1895.0,576.0,48 hours from listing (5m intervals),RAYUSDT.json,
KOMAUSDT,2024-12-10 09:19:48+00:00,KOMA,"$RAY, $KOMA, $VIRTUAL, $SPX listed on Binance futures",0.12896,2024-12-10T12:15:00+00:00,0.15054,0.202,0.12896,56.64,0.0,120.0,0.0,576.0,48 hours from listing (5m intervals),KOMAUSDT.json,
VIRTUALUSDT,2024-12-10 09:19:48+00:00,VIRTUAL,"$RAY, $KOMA, $VIRTUAL, $SPX listed on Binance futures",1.4101,2024-12-10T12:30:00+00:00,1.9295,1.9732,1.4101,39.93,0.0,2355.0,0.0,576.0,48 hours from listing (5m intervals),VIRTUALUSDT.json,
SPXUSDT,2024-12-10 09:19:48+00:00,SPX,"$RAY, $KOMA, $VIRTUAL, $SPX listed on Binance futures",0.6,2024-12-10T12:45:00+00:00,0.7282,0.7944,0.6,32.4,0.0,2290.0,0.0,576.0,48 hours from listing (5m intervals),SPXUSDT.json,
RAYUSDT,2024-12-10 09:19:48+00:00,RAY,"$RAY, $KOMA, $VIRTUAL, $SPX listed on Binance futures",7.614,2021-08-20T03:30:00+00:00,7.421,8.273,7.2,8.66,-5.44,680.0,1895.0,576.0,48 hours from listing (5m intervals),RAYUSDT.json,
KOMAUSDT,2024-12-10 09:19:48+00:00,KOMA,"$RAY, $KOMA, $VIRTUAL, $SPX listed on Binance futures",0.12896,2024-12-10T12:15:00+00:00,0.15054,0.202,0.12896,56.64,0.0,120.0,0.0,576.0,48 hours from listing (5m intervals),KOMAUSDT.json,
VIRTUALUSDT,2024-12-10 09:19:48+00:00,VIRTUAL,"$RAY, $KOMA, $VIRTUAL, $SPX listed on Binance futures",1.4101,2024-12-10T12:30:00+00:00,1.9295,1.9732,1.4101,39.93,0.0,2355.0,0.0,576.0,48 hours from listing (5m intervals),VIRTUALUSDT.json,
SPXUSDT,2024-12-10 09:19:48+00:00,SPX,"$RAY, $KOMA, $VIRTUAL, $SPX listed on Binance futures",0.6,2024-12-10T12:45:00+00:00,0.7282,0.7944,0.6,32.4,0.0,2290.0,0.0,576.0,48 hours from listing (5m intervals),SPXUSDT.json,
RAYUSDT,2024-12-10 09:19:48+00:00,RAY,"$RAY, $KOMA, $VIRTUAL, $SPX listed on Binance futures",7.614,2021-08-20T03:30:00+00:00,7.421,8.273,7.2,8.66,-5.44,680.0,1895.0,576.0,48 hours from listing (5m intervals),RAYUSDT.json,
KOMAUSDT,2024-12-10 09:19:48+00:00,KOMA,"$RAY, $KOMA, $VIRTUAL, $SPX listed on Binance futures",0.12896,2024-12-10T12:15:00+00:00,0.15054,0.202,0.12896,56.64,0.0,120.0,0.0,576.0,48 hours from listing (5m intervals),KOMAUSDT.json,
VIRTUALUSDT,2024-12-10 09:19:48+00:00,VIRTUAL,"$RAY, $KOMA, $VIRTUAL, $SPX listed on Binance futures",1.4101,2024-12-10T12:30:00+00:00,1.9295,1.9732,1.4101,39.93,0.0,2355.0,0.0,576.0,48 hours from listing (5m intervals),VIRTUALUSDT.json,
SPXUSDT,2024-12-10 09:19:48+00:00,SPX,"$RAY, $KOMA, $VIRTUAL, $SPX listed on Binance futures",0.6,2024-12-10T12:45:00+00:00,0.7282,0.7944,0.6,32.4,0.0,2290.0,0.0,576.0,48 hours from listing (5m intervals),SPXUSDT.json,
RAYUSDT,2024-12-10 09:19:48+00:00,RAY,"$RAY, $KOMA, $VIRTUAL, $SPX listed on Binance futures",7.614,2021-08-20T03:30:00+00:00,7.421,8.273,7.2,8.66,-5.44,680.0,1895.0,576.0,48 hours from listing (5m intervals),RAYUSDT.json,
KOMAUSDT,2024-12-10 09:19:48+00:00,KOMA,"$RAY, $KOMA, $VIRTUAL, $SPX listed on Binance futures",0.12896,2024-12-10T12:15:00+00:00,0.15054,0.202,0.12896,56.64,0.0,120.0,0.0,576.0,48 hours from listing (5m intervals),KOMAUSDT.json,
VIRTUALUSDT,2024-12-10 09:19:48+00:00,VIRTUAL,"$RAY, $KOMA, $VIRTUAL, $SPX listed on Binance futures",1.4101,2024-12-10T12:30:00+00:00,1.9295,1.9732,1.4101,39.93,0.0,2355.0,0.0,576.0,48 hours from listing (5m intervals),VIRTUALUSDT.json,
SPXUSDT,2024-12-10 09:19:48+00:00,SPX,"$RAY, $KOMA, $VIRTUAL, $SPX listed on Binance futures",0.6,2024-12-10T12:45:00+00:00,0.7282,0.7944,0.6,32.4,0.0,2290.0,0.0,576.0,48 hours from listing (5m intervals),SPXUSDT.json,
RAYUSDT,2024-12-10 09:19:48+00:00,RAY,"$RAY, $KOMA, $VIRTUAL, $SPX listed on Binance futures",7.614,2021-08-20T03:30:00+00:00,7.421,8.273,7.2,8.66,-5.44,680.0,1895.0,576.0,48 hours from listing (5m intervals),RAYUSDT.json,
KOMAUSDT,2024-12-10 09:19:48+00:00,KOMA,"$RAY, $KOMA, $VIRTUAL, $SPX listed on Binance futures",0.12896,2024-12-10T12:15:00+00:00,0.15054,0.202,0.12896,56.64,0.0,120.0,0.0,576.0,48 hours from listing (5m intervals),KOMAUSDT.json,
VIRTUALUSDT,2024-12-10 09:19:48+00:00,VIRTUAL,"$RAY, $KOMA, $VIRTUAL, $SPX listed on Binance futures",1.4101,2024-12-10T12:30:00+00:00,1.9295,1.9732,1.4101,39.93,0.0,2355.0,0.0,576.0,48 hours from listing (5m intervals),VIRTUALUSDT.json,
SPXUSDT,2024-12-10 09:19:48+00:00,SPX,"$RAY, $KOMA, $VIRTUAL, $SPX listed on Binance futures",0.6,2024-12-10T12:45:00+00:00,0.7282,0.7944,0.6,32.4,0.0,2290.0,0.0,576.0,48 hours from listing (5m intervals),SPXUSDT.json,
MOVEUSDT,2024-12-09 12:09:20+00:00,MOVE,$MOVE listed on Binance futures,0.6035,2024-12-09T14:00:00+00:00,0.6825,1.1432,0.601,89.43,-0.41,840.0,1730.0,576.0,48 hours from listing (5m intervals),MOVEUSDT.json,
ACXUSDT,2024-12-06 12:39:13+00:00,ACX,"$ACX, $ORCA listed on Binance futures",1.109,2024-12-06T15:00:00+00:00,1.0296,1.3175,0.9034,18.8,-18.54,70.0,1140.0,576.0,48 hours from listing (5m intervals),ACXUSDT.json,
ORCAUSDT,2024-12-06 12:39:13+00:00,ORCA,"$ACX, $ORCA listed on Binance futures",7.449,2024-12-06T15:00:00+00:00,6.222,8.158,6.0,9.52,-19.45,70.0,1155.0,576.0,48 hours from listing (5m intervals),ORCAUSDT.json,
ACXUSDT,2024-12-06 12:39:13+00:00,ACX,"$ACX, $ORCA listed on Binance futures",1.109,2024-12-06T15:00:00+00:00,1.0296,1.3175,0.9034,18.8,-18.54,70.0,1140.0,576.0,48 hours from listing (5m intervals),ACXUSDT.json,
ORCAUSDT,2024-12-06 12:39:13+00:00,ORCA,"$ACX, $ORCA listed on Binance futures",7.449,2024-12-06T15:00:00+00:00,6.222,8.158,6.0,9.52,-19.45,70.0,1155.0,576.0,48 hours from listing (5m intervals),ORCAUSDT.json,
ACXUSDT,2024-12-06 12:39:13+00:00,ACX,"$ACX, $ORCA listed on Binance futures",1.109,2024-12-06T15:00:00+00:00,1.0296,1.3175,0.9034,18.8,-18.54,70.0,1140.0,576.0,48 hours from listing (5m intervals),ACXUSDT.json,
ORCAUSDT,2024-12-06 12:39:13+00:00,ORCA,"$ACX, $ORCA listed on Binance futures",7.449,2024-12-06T15:00:00+00:00,6.222,8.158,6.0,9.52,-19.45,70.0,1155.0,576.0,48 hours from listing (5m intervals),ORCAUSDT.json,
KAIAUSDT,2024-12-04 12:03:46+00:00,KAIA,"$KAIA, $AERO listed on Binance futures",0.3735,2024-12-04T14:00:00+00:00,0.3162,0.3824,0.3079,2.38,-17.56,0.0,2815.0,576.0,48 hours from listing (5m intervals),KAIAUSDT.json,
AEROUSDT,2024-12-04 12:03:46+00:00,AERO,"$KAIA, $AERO listed on Binance futures",1.8635,2024-12-04T14:15:00+00:00,1.9698,1.9755,1.7055,6.01,-8.48,2850.0,600.0,576.0,48 hours from listing (5m intervals),AEROUSDT.json,
KAIAUSDT,2024-12-04 12:03:46+00:00,KAIA,"$KAIA, $AERO listed on Binance futures",0.3735,2024-12-04T14:00:00+00:00,0.3162,0.3824,0.3079,2.38,-17.56,0.0,2815.0,576.0,48 hours from listing (5m intervals),KAIAUSDT.json,
AEROUSDT,2024-12-04 12:03:46+00:00,AERO,"$KAIA, $AERO listed on Binance futures",1.8635,2024-12-04T14:15:00+00:00,1.9698,1.9755,1.7055,6.01,-8.48,2850.0,600.0,576.0,48 hours from listing (5m intervals),AEROUSDT.json,
KAIAUSDT,2024-12-04 12:03:46+00:00,KAIA,"$KAIA, $AERO listed on Binance futures",0.3735,2024-12-04T14:00:00+00:00,0.3162,0.3824,0.3079,2.38,-17.56,0.0,2815.0,576.0,48 hours from listing (5m intervals),KAIAUSDT.json,
AEROUSDT,2024-12-04 12:03:46+00:00,AERO,"$KAIA, $AERO listed on Binance futures",1.8635,2024-12-04T14:15:00+00:00,1.9698,1.9755,1.7055,6.01,-8.48,2850.0,600.0,576.0,48 hours from listing (5m intervals),AEROUSDT.json,
MORPHOUSDT,2024-11-27 12:31:44+00:00,MORPHO,"$MORPHO, $CHILLGUY listed on Binance futures",1.356,2024-11-27T14:30:00+00:00,1.262,1.82,1.1744,34.22,-13.39,405.0,1545.0,576.0,48 hours from listing (5m intervals),MORPHOUSDT.json,
CHILLGUYUSDT,2024-11-27 12:31:44+00:00,CHILLGUY,"$MORPHO, $CHILLGUY listed on Binance futures",0.627,2024-11-27T14:45:00+00:00,0.4754,0.6374,0.4346,1.66,-30.69,0.0,2610.0,576.0,48 hours from listing (5m intervals),CHILLGUYUSDT.json,
MORPHOUSDT,2024-11-27 12:31:44+00:00,MORPHO,"$MORPHO, $CHILLGUY listed on Binance futures",1.356,2024-11-27T14:30:00+00:00,1.262,1.82,1.1744,34.22,-13.39,405.0,1545.0,576.0,48 hours from listing (5m intervals),MORPHOUSDT.json,
CHILLGUYUSDT,2024-11-27 12:31:44+00:00,CHILLGUY,"$MORPHO, $CHILLGUY listed on Binance futures",0.627,2024-11-27T14:45:00+00:00,0.4754,0.6374,0.4346,1.66,-30.69,0.0,2610.0,576.0,48 hours from listing (5m intervals),CHILLGUYUSDT.json,
WHYUSDT,2024-11-25 09:35:12+00:00,WHY,"$WHY, $CHEEMS listed on Binance futures",,,,,,,,,,,,,not currently listed on Binance futures
CHEEMSUSDT,2024-11-25 09:35:12+00:00,CHEEMS,"$WHY, $CHEEMS listed on Binance futures",,,,,,,,,,,,,not currently listed on Binance futures
WHYUSDT,2024-11-25 09:35:12+00:00,WHY,"$WHY, $CHEEMS listed on Binance futures",,,,,,,,,,,,,not currently listed on Binance futures
CHEEMSUSDT,2024-11-25 09:35:12+00:00,CHEEMS,"$WHY, $CHEEMS listed on Binance futures",,,,,,,,,,,,,not currently listed on Binance futures
WHYUSDT,2024-11-25 09:35:12+00:00,WHY,"$WHY, $CHEEMS listed on Binance futures",,,,,,,,,,,,,not currently listed on Binance futures
CHEEMSUSDT,2024-11-25 09:35:12+00:00,CHEEMS,"$WHY, $CHEEMS listed on Binance futures",,,,,,,,,,,,,not currently listed on Binance futures
SLERFUSDT,2024-11-21 09:30:10+00:00,SLERF,"$SLERF, $SCRT listed on Binance futures",0.422,2024-11-21T11:30:00+00:00,0.3317,0.4332,0.3038,2.65,-28.01,0.0,1880.0,576.0,48 hours from listing (5m intervals),SLERFUSDT.json,
SCRTUSDT,2024-11-21 09:30:10+00:00,SCRT,"$SLERF, $SCRT listed on Binance futures",0.338,2024-11-21T11:30:00+00:00,0.5015,0.634,0.3283,87.57,-2.87,1755.0,800.0,576.0,48 hours from listing (5m intervals),SCRTUSDT.json,
SLERFUSDT,2024-11-21 09:30:10+00:00,SLERF,"$SLERF, $SCRT listed on Binance futures",0.422,2024-11-21T11:30:00+00:00,0.3317,0.4332,0.3038,2.65,-28.01,0.0,1880.0,576.0,48 hours from listing (5m intervals),SLERFUSDT.json,
SCRTUSDT,2024-11-21 09:30:10+00:00,SCRT,"$SLERF, $SCRT listed on Binance futures",0.338,2024-11-21T11:30:00+00:00,0.5015,0.634,0.3283,87.57,-2.87,1755.0,800.0,576.0,48 hours from listing (5m intervals),SCRTUSDT.json,
SLERFUSDT,2024-11-21 09:30:10+00:00,SLERF,"$SLERF, $SCRT listed on Binance futures",0.422,2024-11-21T11:30:00+00:00,0.3317,0.4332,0.3038,2.65,-28.01,0.0,1880.0,576.0,48 hours from listing (5m intervals),SLERFUSDT.json,
SCRTUSDT,2024-11-21 09:30:10+00:00,SCRT,"$SLERF, $SCRT listed on Binance futures",0.338,2024-11-21T11:30:00+00:00,0.5015,0.634,0.3283,87.57,-2.87,1755.0,800.0,576.0,48 hours from listing (5m intervals),SCRTUSDT.json,
BANUSDT,2024-11-18 09:30:20+00:00,BAN,"$BAN, $AKT listed on Binance futures",0.323,2024-11-18T11:30:00+00:00,0.2488,0.3475,0.2264,7.59,-29.91,30.0,2020.0,576.0,48 hours from listing (5m intervals),BANUSDT.json,
AKTUSDT,2024-11-18 09:30:20+00:00,AKT,"$BAN, $AKT listed on Binance futures",4.348,2024-11-18T11:30:00+00:00,3.918,4.744,3.342,9.11,-23.14,795.0,0.0,576.0,48 hours from listing (5m intervals),AKTUSDT.json,
BANUSDT,2024-11-18 09:30:20+00:00,BAN,"$BAN, $AKT listed on Binance futures",0.323,2024-11-18T11:30:00+00:00,0.2488,0.3475,0.2264,7.59,-29.91,30.0,2020.0,576.0,48 hours from listing (5m intervals),BANUSDT.json,
AKTUSDT,2024-11-18 09:30:20+00:00,AKT,"$BAN, $AKT listed on Binance futures",4.348,2024-11-18T11:30:00+00:00,3.918,4.744,3.342,9.11,-23.14,795.0,0.0,576.0,48 hours from listing (5m intervals),AKTUSDT.json,
BANUSDT,2024-11-18 09:30:20+00:00,BAN,"$BAN, $AKT listed on Binance futures",0.323,2024-11-18T11:30:00+00:00,0.2488,0.3475,0.2264,7.59,-29.91,30.0,2020.0,576.0,48 hours from listing (5m intervals),BANUSDT.json,
AKTUSDT,2024-11-18 09:30:20+00:00,AKT,"$BAN, $AKT listed on Binance futures",4.348,2024-11-18T11:30:00+00:00,3.918,4.744,3.342,9.11,-23.14,795.0,0.0,576.0,48 hours from listing (5m intervals),AKTUSDT.json,
DEGENUSDT,2024-11-15 09:30:21+00:00,DEGEN,$DEGEN listed on Binance futures,0.031167,2024-11-15T11:30:00+00:00,0.023455,0.031313,0.020699,0.47,-33.59,0.0,2315.0,576.0,48 hours from listing (5m intervals),DEGENUSDT.json,
HIPPOUSDT,2024-11-13 10:30:11+00:00,HIPPO,"$HIPPO, $X listed on Binance futures",0.0222,2024-11-13T12:30:00+00:00,0.02636,0.0274,0.01645,23.42,-25.9,2755.0,840.0,576.0,48 hours from listing (5m intervals),HIPPOUSDT.json,
XUSDT,2024-11-13 10:30:11+00:00,X,"$HIPPO, $X listed on Binance futures",,,,,,,,,,,,,not currently listed on Binance futures
GRASSUSDT,2024-11-08 14:03:10+00:00,GRASS,"$GRASS, $DRIFT, $SWELL listed on Binance futures",3.5,2024-11-08T15:30:00+00:00,3.0313,3.51,2.7843,0.29,-20.45,10.0,1395.0,576.0,48 hours from listing (5m intervals),GRASSUSDT.json,
DRIFTUSDT,2024-11-08 14:03:10+00:00,DRIFT,"$GRASS, $DRIFT, $SWELL listed on Binance futures",0.9156,2024-11-08T15:45:00+00:00,1.7519,2.086,0.8899,127.83,-2.81,770.0,0.0,576.0,48 hours from listing (5m intervals),DRIFTUSDT.json,
SWELLUSDT,2024-11-08 14:03:10+00:00,SWELL,"$GRASS, $DRIFT, $SWELL listed on Binance futures",0.05068,2024-11-08T16:00:00+00:00,0.0535,0.07062,0.04308,39.34,-15.0,1135.0,90.0,576.0,48 hours from listing (5m intervals),SWELLUSDT.json,
GRASSUSDT,2024-11-08 14:03:10+00:00,GRASS,"$GRASS, $DRIFT, $SWELL listed on Binance futures",3.5,2024-11-08T15:30:00+00:00,3.0313,3.51,2.7843,0.29,-20.45,10.0,1395.0,576.0,48 hours from listing (5m intervals),GRASSUSDT.json,
DRIFTUSDT,2024-11-08 14:03:10+00:00,DRIFT,"$GRASS, $DRIFT, $SWELL listed on Binance futures",0.9156,2024-11-08T15:45:00+00:00,1.7519,2.086,0.8899,127.83,-2.81,770.0,0.0,576.0,48 hours from listing (5m intervals),DRIFTUSDT.json,
SWELLUSDT,2024-11-08 14:03:10+00:00,SWELL,"$GRASS, $DRIFT, $SWELL listed on Binance futures",0.05068,2024-11-08T16:00:00+00:00,0.0535,0.07062,0.04308,39.34,-15.0,1135.0,90.0,576.0,48 hours from listing (5m intervals),SWELLUSDT.json,
GRASSUSDT,2024-11-08 14:03:10+00:00,GRASS,"$GRASS, $DRIFT, $SWELL listed on Binance futures",3.5,2024-11-08T15:30:00+00:00,3.0313,3.51,2.7843,0.29,-20.45,10.0,1395.0,576.0,48 hours from listing (5m intervals),GRASSUSDT.json,
DRIFTUSDT,2024-11-08 14:03:10+00:00,DRIFT,"$GRASS, $DRIFT, $SWELL listed on Binance futures",0.9156,2024-11-08T15:45:00+00:00,1.7519,2.086,0.8899,127.83,-2.81,770.0,0.0,576.0,48 hours from listing (5m intervals),DRIFTUSDT.json,
SWELLUSDT,2024-11-08 14:03:10+00:00,SWELL,"$GRASS, $DRIFT, $SWELL listed on Binance futures",0.05068,2024-11-08T16:00:00+00:00,0.0535,0.07062,0.04308,39.34,-15.0,1135.0,90.0,576.0,48 hours from listing (5m intervals),SWELLUSDT.json,
GRASSUSDT,2024-11-08 14:03:10+00:00,GRASS,"$GRASS, $DRIFT, $SWELL listed on Binance futures",3.5,2024-11-08T15:30:00+00:00,3.0313,3.51,2.7843,0.29,-20.45,10.0,1395.0,576.0,48 hours from listing (5m intervals),GRASSUSDT.json,
DRIFTUSDT,2024-11-08 14:03:10+00:00,DRIFT,"$GRASS, $DRIFT, $SWELL listed on Binance futures",0.9156,2024-11-08T15:45:00+00:00,1.7519,2.086,0.8899,127.83,-2.81,770.0,0.0,576.0,48 hours from listing (5m intervals),DRIFTUSDT.json,
SWELLUSDT,2024-11-08 14:03:10+00:00,SWELL,"$GRASS, $DRIFT, $SWELL listed on Binance futures",0.05068,2024-11-08T16:00:00+00:00,0.0535,0.07062,0.04308,39.34,-15.0,1135.0,90.0,576.0,48 hours from listing (5m intervals),SWELLUSDT.json,
GRASSUSDT,2024-11-08 14:03:10+00:00,GRASS,"$GRASS, $DRIFT, $SWELL listed on Binance futures",3.5,2024-11-08T15:30:00+00:00,3.0313,3.51,2.7843,0.29,-20.45,10.0,1395.0,576.0,48 hours from listing (5m intervals),GRASSUSDT.json,
DRIFTUSDT,2024-11-08 14:03:10+00:00,DRIFT,"$GRASS, $DRIFT, $SWELL listed on Binance futures",0.9156,2024-11-08T15:45:00+00:00,1.7519,2.086,0.8899,127.83,-2.81,770.0,0.0,576.0,48 hours from listing (5m intervals),DRIFTUSDT.json,
SWELLUSDT,2024-11-08 14:03:10+00:00,SWELL,"$GRASS, $DRIFT, $SWELL listed on Binance futures",0.05068,2024-11-08T16:00:00+00:00,0.0535,0.07062,0.04308,39.34,-15.0,1135.0,90.0,576.0,48 hours from listing (5m intervals),SWELLUSDT.json,
MOGUSDT,2024-11-07 10:29:16+00:00,MOG,$MOG listed on Binance futures,,,,,,,,,,,,,not currently listed on Binance futures
MOGUSDT,2024-11-07 10:29:16+00:00,MOG,$MOG listed on Binance futures,,,,,,,,,,,,,not currently listed on Binance futures
MOGUSDT,2024-11-07 10:29:16+00:00,MOG,$MOG listed on Binance futures,,,,,,,,,,,,,not currently listed on Binance futures
PONKEUSDT,2024-11-04 10:30:29+00:00,PONKE,$PONKE listed on Binance futures,0.5005,2024-11-04T12:30:00+00:00,0.51536,0.53991,0.38888,7.87,-22.3,2865.0,565.0,576.0,48 hours from listing (5m intervals),PONKEUSDT.json,
TROYUSDT,2024-10-31 11:00:13+00:00,TROY,$TROY listed on Binance futures,0.003319,2024-10-31T13:00:00+00:00,0.002717,0.00332,0.00261,0.03,-21.36,0.0,1025.0,576.0,48 hours from listing (5m intervals),TROYUSDT.json,
SANTOSUSDT,2024-10-28 12:00:14+00:00,SANTOS,$SANTOS listed on Binance futures,6.5,2024-10-28T14:00:00+00:00,5.199,7.3,4.91,12.31,-24.46,85.0,1675.0,576.0,48 hours from listing (5m intervals),SANTOSUSDT.json,
SANTOSUSDT,2024-10-28 12:00:14+00:00,SANTOS,$SANTOS listed on Binance futures,6.5,2024-10-28T14:00:00+00:00,5.199,7.3,4.91,12.31,-24.46,85.0,1675.0,576.0,48 hours from listing (5m intervals),SANTOSUSDT.json,
SAFEUSDT,2024-10-25 10:30:11+00:00,SAFE,$SAFE listed on Binance futures,1.658,2024-10-25T12:30:00+00:00,1.3774,1.6601,1.3554,0.13,-18.25,0.0,2585.0,576.0,48 hours from listing (5m intervals),SAFEUSDT.json,
MOODENGUSDT,2024-10-25 08:00:42+00:00,MOODENG,$MOODENG listed on Binance futures: Oct 25 at 10:00 UTC,0.16443,2024-10-25T10:00:00+00:00,0.21952,0.27,0.15193,64.2,-7.6,2310.0,35.0,576.0,48 hours from listing (5m intervals),MOODENGUSDT.json,
MOODENGUSDT,2024-10-25 08:00:42+00:00,MOODENG,$MOODENG listed on Binance futures: Oct 25 at 10:00 UTC,0.16443,2024-10-25T10:00:00+00:00,0.21952,0.27,0.15193,64.2,-7.6,2310.0,35.0,576.0,48 hours from listing (5m intervals),MOODENGUSDT.json,
GOATUSDT,2024-10-24 11:34:41+00:00,GOAT,$GOAT listed on Binance futures: Oct 24 at 13:30 UTC,0.7678,2024-10-24T13:30:00+00:00,0.8194,0.8845,0.6135,15.2,-20.1,2570.0,1585.0,576.0,48 hours from listing (5m intervals),GOATUSDT.json,
GOATUSDT,2024-10-24 11:34:41+00:00,GOAT,$GOAT listed on Binance futures: Oct 24 at 13:30 UTC,0.7678,2024-10-24T13:30:00+00:00,0.8194,0.8845,0.6135,15.2,-20.1,2570.0,1585.0,576.0,48 hours from listing (5m intervals),GOATUSDT.json,
CATUSDT,2024-10-21 10:30:52+00:00,CAT,$CAT listed on Binance futures,,,,,,,,,,,,,not currently listed on Binance futures
CATUSDT,2024-10-21 10:30:52+00:00,CAT,$CAT listed on Binance futures,,,,,,,,,,,,,not currently listed on Binance futures
DIAUSDT,2024-10-02 10:32:33+00:00,DIA,$DIA listed on Binance futures: Oct 2 at 12:30 UTC,0.8207,2024-10-02T12:30:00+00:00,0.6099,0.8545,0.5705,4.12,-30.49,5.0,2190.0,576.0,48 hours from listing (5m intervals),DIAUSDT.json,
DIAUSDT,2024-10-02 10:32:33+00:00,DIA,$DIA listed on Binance futures: Oct 2 at 12:30 UTC,0.8207,2024-10-02T12:30:00+00:00,0.6099,0.8545,0.5705,4.12,-30.49,5.0,2190.0,576.0,48 hours from listing (5m intervals),DIAUSDT.json,
COSUSDT,2024-09-30 10:42:41+00:00,COS,$COS listed on Binance futures: Sep 30 at 13:00 UTC,0.008779,2024-09-30T13:00:00+00:00,0.0071,0.008779,0.007055,0.0,-19.64,0.0,2875.0,576.0,48 hours from listing (5m intervals),COSUSDT.json,
COSUSDT,2024-09-30 10:42:41+00:00,COS,$COS listed on Binance futures: Sep 30 at 13:00 UTC,0.008779,2024-09-30T13:00:00+00:00,0.0071,0.008779,0.007055,0.0,-19.64,0.0,2875.0,576.0,48 hours from listing (5m intervals),COSUSDT.json,
REIUSDT,2024-09-27 09:01:03+00:00,REI,$REI listed on Binance futures: Sep 27 at 11:00 UTC,0.073,2024-09-27T11:00:00+00:00,0.06293,0.073,0.06182,0.0,-15.32,0.0,2725.0,576.0,48 hours from listing (5m intervals),REIUSDT.json,
LOKAUSDT,2024-09-24 09:30:21+00:00,LOKA,$LOKA listed on Binance futures,0.2793,2024-09-24T11:30:00+00:00,0.2484,0.2824,0.2368,1.11,-15.22,0.0,2140.0,576.0,48 hours from listing (5m intervals),LOKAUSDT.json,
LOKAUSDT,2024-09-24 09:30:21+00:00,LOKA,$LOKA listed on Binance futures,0.2793,2024-09-24T11:30:00+00:00,0.2484,0.2824,0.2368,1.11,-15.22,0.0,2140.0,576.0,48 hours from listing (5m intervals),LOKAUSDT.json,
GHSTUSDT,2024-09-23 11:00:26+00:00,GHST,$GHST listed on Binance futures: Sep 23 at 13:00 UTC,1.16,2024-09-23T13:00:00+00:00,1.077,1.238,1.05,6.72,-9.48,825.0,190.0,576.0,48 hours from listing (5m intervals),GHSTUSDT.json,
GHSTUSDT,2024-09-23 11:00:26+00:00,GHST,$GHST listed on Binance futures: Sep 23 at 13:00 UTC,1.16,2024-09-23T13:00:00+00:00,1.077,1.238,1.05,6.72,-9.48,825.0,190.0,576.0,48 hours from listing (5m intervals),GHSTUSDT.json,
FIOUSDT,2024-09-20 09:30:24+00:00,FIO,$FIO listed on Binance futures,0.4999,2024-09-20T11:30:00+00:00,0.03703,0.4999,0.03572,0.0,-92.85,0.0,2460.0,576.0,48 hours from listing (5m intervals),FIOUSDT.json,
FIDAUSDT,2024-09-19 10:30:38+00:00,FIDA,$FIDA listed on Binance futures: Sep 19 at 12:30 UTC,0.3012,2024-09-19T12:30:00+00:00,0.3151,0.4432,0.2946,47.14,-2.19,50.0,0.0,576.0,48 hours from listing (5m intervals),FIDAUSDT.json,
FIDAUSDT,2024-09-19 10:30:38+00:00,FIDA,$FIDA listed on Binance futures: Sep 19 at 12:30 UTC,0.3012,2024-09-19T12:30:00+00:00,0.3151,0.4432,0.2946,47.14,-2.19,50.0,0.0,576.0,48 hours from listing (5m intervals),FIDAUSDT.json,
KDAUSDT,2024-09-18 11:30:15+00:00,KDA,$KDA listed on Binance futures: Sep 18 at 13:30 UTC,0.6008,2024-09-18T13:30:00+00:00,0.6117,0.7277,0.5777,21.12,-3.84,665.0,110.0,576.0,48 hours from listing (5m intervals),KDAUSDT.json,
KDAUSDT,2024-09-18 11:30:15+00:00,KDA,$KDA listed on Binance futures: Sep 18 at 13:30 UTC,0.6008,2024-09-18T13:30:00+00:00,0.6117,0.7277,0.5777,21.12,-3.84,665.0,110.0,576.0,48 hours from listing (5m intervals),KDAUSDT.json,
CATIUSDT,2024-09-16 10:30:12+00:00,CATI,"$CATI, $HMSTR listed on Binance futures: Sep 20 at 10:30 UTC",0.9406,2024-09-20T11:30:00+00:00,0.8431,1.124,0.8107,19.5,-13.81,90.0,535.0,576.0,48 hours from listing (5m intervals),CATIUSDT.json,
HMSTRUSDT,2024-09-16 10:30:12+00:00,HMSTR,"$CATI, $HMSTR listed on Binance futures: Sep 20 at 10:30 UTC",0.00887,2024-09-26T12:30:00+00:00,0.006517,0.00912,0.006064,2.82,-31.63,40.0,475.0,576.0,48 hours from listing (5m intervals),HMSTRUSDT.json,
CATIUSDT,2024-09-16 10:30:12+00:00,CATI,"$CATI, $HMSTR listed on Binance futures: Sep 20 at 10:30 UTC",0.9406,2024-09-20T11:30:00+00:00,0.8431,1.124,0.8107,19.5,-13.81,90.0,535.0,576.0,48 hours from listing (5m intervals),CATIUSDT.json,
HMSTRUSDT,2024-09-16 10:30:12+00:00,HMSTR,"$CATI, $HMSTR listed on Binance futures: Sep 20 at 10:30 UTC",0.00887,2024-09-26T12:30:00+00:00,0.006517,0.00912,0.006064,2.82,-31.63,40.0,475.0,576.0,48 hours from listing (5m intervals),HMSTRUSDT.json,
NEIROUSDT,2024-09-16 08:30:46+00:00,NEIRO,"$NEIRO, $1MBABYDOGE listed on Binance futures: Sep 16 at 11:30 UTC",0.0003555,2024-09-16T11:30:00+00:00,0.0008304,0.000909,0.0003058,155.7,-13.98,2850.0,55.0,576.0,48 hours from listing (5m intervals),NEIROUSDT.json,
1MBABYDOGEUSDT,2024-09-16 08:30:46+00:00,1MBABYDOGE,"$NEIRO, $1MBABYDOGE listed on Binance futures: Sep 16 at 11:30 UTC",0.0015965,2024-09-16T11:35:00+00:00,0.00224,0.002455,0.0015269,53.77,-4.36,2250.0,0.0,576.0,48 hours from listing (5m intervals),1MBABYDOGEUSDT.json,
NEIROUSDT,2024-09-16 08:30:46+00:00,NEIRO,"$NEIRO, $1MBABYDOGE listed on Binance futures: Sep 16 at 11:30 UTC",0.0003555,2024-09-16T11:30:00+00:00,0.0008304,0.000909,0.0003058,155.7,-13.98,2850.0,55.0,576.0,48 hours from listing (5m intervals),NEIROUSDT.json,
1MBABYDOGEUSDT,2024-09-16 08:30:46+00:00,1MBABYDOGE,"$NEIRO, $1MBABYDOGE listed on Binance futures: Sep 16 at 11:30 UTC",0.0015965,2024-09-16T11:35:00+00:00,0.00224,0.002455,0.0015269,53.77,-4.36,2250.0,0.0,576.0,48 hours from listing (5m intervals),1MBABYDOGEUSDT.json,
NEIROUSDT,2024-09-16 08:30:46+00:00,NEIRO,"$NEIRO, $1MBABYDOGE listed on Binance futures: Sep 16 at 11:30 UTC",0.0003555,2024-09-16T11:30:00+00:00,0.0008304,0.000909,0.0003058,155.7,-13.98,2850.0,55.0,576.0,48 hours from listing (5m intervals),NEIROUSDT.json,
1MBABYDOGEUSDT,2024-09-16 08:30:46+00:00,1MBABYDOGE,"$NEIRO, $1MBABYDOGE listed on Binance futures: Sep 16 at 11:30 UTC",0.0015965,2024-09-16T11:35:00+00:00,0.00224,0.002455,0.0015269,53.77,-4.36,2250.0,0.0,576.0,48 hours from listing (5m intervals),1MBABYDOGEUSDT.json,
UXLINKUSDT,2024-09-15 13:04:59+00:00,UXLINK,$UXLINK listed on Binance futures,0.39,2024-09-15T15:00:00+00:00,0.5244,0.5355,0.3586,37.31,-8.05,2835.0,675.0,576.0,48 hours from listing (5m intervals),UXLINKUSDT.json,
UXLINKUSDT,2024-09-15 13:04:59+00:00,UXLINK,$UXLINK listed on Binance futures,0.39,2024-09-15T15:00:00+00:00,0.5244,0.5355,0.3586,37.31,-8.05,2835.0,675.0,576.0,48 hours from listing (5m intervals),UXLINKUSDT.json,
AERGOUSDT,2024-09-10 10:15:14+00:00,AERGO,$AERGO listed on Binance futures: Sep 10 at 12:15 UTC,0.328,2025-04-16T11:00:00+00:00,0.23546,0.43,0.11573,31.1,-64.72,0.0,800.0,576.0,48 hours from listing (5m intervals),AERGOUSDT.json,
RPLUSDT,2024-09-09 10:30:20+00:00,RPL,$RPL listed on Binance futures: Sep 9 at 12:30 UTC,11.93,2024-09-09T12:30:00+00:00,10.28,12.42,10.2,4.11,-14.5,10.0,2855.0,576.0,48 hours from listing (5m intervals),RPLUSDT.json,
NEIROETHUSDT,2024-09-06 13:00:30+00:00,NEIROETH,$NEIROETH listed on Binance futures: Sep 6 at 14:00 UTC,0.1565,2024-09-06T14:00:00+00:00,0.1328,0.181,0.118,15.65,-24.6,990.0,420.0,576.0,48 hours from listing (5m intervals),NEIROETHUSDT.json,
NEIROETHUSDT,2024-09-06 13:00:30+00:00,NEIROETH,$NEIROETH listed on Binance futures: Sep 6 at 14:00 UTC,0.1565,2024-09-06T14:00:00+00:00,0.1328,0.181,0.118,15.65,-24.6,990.0,420.0,576.0,48 hours from listing (5m intervals),NEIROETHUSDT.json,
QUICKUSDT,2024-09-06 04:00:13+00:00,QUICK,$QUICK listed on Binance futures: Sep 6 at 05:00 UTC,0.04366,2024-09-06T05:00:00+00:00,0.04175,0.04949,0.04071,13.35,-6.76,430.0,2475.0,576.0,48 hours from listing (5m intervals),QUICKUSDT.json,
BSWUSDT,2024-09-05 05:00:15+00:00,BSW,$BSW listed on Binance futures: Sep 5 at 06:00 UTC,0.086,2024-09-05T06:00:00+00:00,0.07623,0.08744,0.07148,1.67,-16.88,105.0,2340.0,576.0,48 hours from listing (5m intervals),BSWUSDT.json,
BSWUSDT,2024-09-05 05:00:15+00:00,BSW,$BSW listed on Binance futures: Sep 5 at 06:00 UTC,0.086,2024-09-05T06:00:00+00:00,0.07623,0.08744,0.07148,1.67,-16.88,105.0,2340.0,576.0,48 hours from listing (5m intervals),BSWUSDT.json,
FLUXUSDT,2024-09-03 06:00:29+00:00,FLUX,$FLUX listed on Binance futures: Sep 3 at 07:00 UTC,0.6864,2024-09-03T07:00:00+00:00,0.5626,0.7066,0.5539,2.94,-19.3,15.0,2825.0,576.0,48 hours from listing (5m intervals),FLUXUSDT.json,
CHESSUSDT,2024-08-29 06:30:12+00:00,CHESS,$CHESS listed on Binance futures: Aug 29 at 07:30 UTC,0.2225,2024-08-29T07:30:00+00:00,0.1821,0.2263,0.1747,1.71,-21.48,10.0,1915.0,576.0,48 hours from listing (5m intervals),CHESSUSDT.json,
CHESSUSDT,2024-08-29 06:30:12+00:00,CHESS,$CHESS listed on Binance futures: Aug 29 at 07:30 UTC,0.2225,2024-08-29T07:30:00+00:00,0.1821,0.2263,0.1747,1.71,-21.48,10.0,1915.0,576.0,48 hours from listing (5m intervals),CHESSUSDT.json,
MBOXUSDT,2024-08-28 08:30:22+00:00,MBOX,$MBOX listed on Binance futures: Aug 28 at 09:30 UTC,0.173,2024-08-28T09:30:00+00:00,0.17,0.199,0.16,15.03,-7.51,1260.0,2395.0,576.0,48 hours from listing (5m intervals),MBOXUSDT.json,
NULSUSDT,2024-08-26 07:30:08+00:00,NULS,"$NULS, $DOGS listed on Binance futures",0.542,2024-08-26T08:30:00+00:00,0.4508,0.5844,0.4316,7.82,-20.37,45.0,2460.0,576.0,48 hours from listing (5m intervals),NULSUSDT.json,
DOGSUSDT,2024-08-26 07:30:08+00:00,DOGS,"$NULS, $DOGS listed on Binance futures",0.0014,2024-08-26T12:30:00+00:00,0.0015485,0.001666,0.0011,19.0,-21.43,2735.0,0.0,576.0,48 hours from listing (5m intervals),DOGSUSDT.json,
NULSUSDT,2024-08-26 07:30:08+00:00,NULS,"$NULS, $DOGS listed on Binance futures",0.542,2024-08-26T08:30:00+00:00,0.4508,0.5844,0.4316,7.82,-20.37,45.0,2460.0,576.0,48 hours from listing (5m intervals),NULSUSDT.json,
DOGSUSDT,2024-08-26 07:30:08+00:00,DOGS,"$NULS, $DOGS listed on Binance futures",0.0014,2024-08-26T12:30:00+00:00,0.0015485,0.001666,0.0011,19.0,-21.43,2735.0,0.0,576.0,48 hours from listing (5m intervals),DOGSUSDT.json,
NULSUSDT,2024-08-26 07:30:08+00:00,NULS,"$NULS, $DOGS listed on Binance futures",0.542,2024-08-26T08:30:00+00:00,0.4508,0.5844,0.4316,7.82,-20.37,45.0,2460.0,576.0,48 hours from listing (5m intervals),NULSUSDT.json,
DOGSUSDT,2024-08-26 07:30:08+00:00,DOGS,"$NULS, $DOGS listed on Binance futures",0.0014,2024-08-26T12:30:00+00:00,0.0015485,0.001666,0.0011,19.0,-21.43,2735.0,0.0,576.0,48 hours from listing (5m intervals),DOGSUSDT.json,
VIDTUSDT,2024-08-23 07:30:43+00:00,VIDT,$VIDT listed on Binance futures: Aug 23 at 09:30 UTC,0.039,2024-08-23T09:30:00+00:00,0.04388,0.0468,0.03423,20.0,-12.23,2070.0,935.0,576.0,48 hours from listing (5m intervals),VIDTUSDT.json,
VIDTUSDT,2024-08-23 07:30:43+00:00,VIDT,$VIDT listed on Binance futures: Aug 23 at 09:30 UTC,0.039,2024-08-23T09:30:00+00:00,0.04388,0.0468,0.03423,20.0,-12.23,2070.0,935.0,576.0,48 hours from listing (5m intervals),VIDTUSDT.json,
POPCATUSDT,2024-08-22 11:24:49+00:00,POPCAT,"$POPCAT, $SUN listed on Binance futures",0.5617,2024-08-22T13:00:00+00:00,0.7339,0.78,0.5405,38.86,-3.77,2105.0,5.0,576.0,48 hours from listing (5m intervals),POPCATUSDT.json,
SUNUSDT,2024-08-22 11:24:49+00:00,SUN,"$POPCAT, $SUN listed on Binance futures",0.021249,2024-08-22T13:05:00+00:00,0.036423,0.041,0.018633,92.95,-12.31,2170.0,0.0,576.0,48 hours from listing (5m intervals),SUNUSDT.json,
POPCATUSDT,2024-08-22 11:24:49+00:00,POPCAT,"$POPCAT, $SUN listed on Binance futures",0.5617,2024-08-22T13:00:00+00:00,0.7339,0.78,0.5405,38.86,-3.77,2105.0,5.0,576.0,48 hours from listing (5m intervals),POPCATUSDT.json,
SUNUSDT,2024-08-22 11:24:49+00:00,SUN,"$POPCAT, $SUN listed on Binance futures",0.021249,2024-08-22T13:05:00+00:00,0.036423,0.041,0.018633,92.95,-12.31,2170.0,0.0,576.0,48 hours from listing (5m intervals),SUNUSDT.json,
POPCATUSDT,2024-08-22 11:24:49+00:00,POPCAT,"$POPCAT, $SUN listed on Binance futures",0.5617,2024-08-22T13:00:00+00:00,0.7339,0.78,0.5405,38.86,-3.77,2105.0,5.0,576.0,48 hours from listing (5m intervals),POPCATUSDT.json,
SUNUSDT,2024-08-22 11:24:49+00:00,SUN,"$POPCAT, $SUN listed on Binance futures",0.021249,2024-08-22T13:05:00+00:00,0.036423,0.041,0.018633,92.95,-12.31,2170.0,0.0,576.0,48 hours from listing (5m intervals),SUNUSDT.json,
ALPACAUSDT,2024-08-22 08:30:09+00:00,ALPACA,$ALPACA listed on Binance futures: Aug 22 at 10:30 UTC,0.20872,2024-08-22T10:30:00+00:00,0.23225,0.279,0.18885,33.67,-9.52,1145.0,140.0,576.0,48 hours from listing (5m intervals),ALPACAUSDT.json,
ALPACAUSDT,2024-08-22 08:30:09+00:00,ALPACA,$ALPACA listed on Binance futures: Aug 22 at 10:30 UTC,0.20872,2024-08-22T10:30:00+00:00,0.23225,0.279,0.18885,33.67,-9.52,1145.0,140.0,576.0,48 hours from listing (5m intervals),ALPACAUSDT.json,
BRETTUSDT,2024-08-20 09:00:12+00:00,BRETT,$BRETT listed on Binance futures: Aug 20 at 10:35 UTC,0.1,2024-08-20T10:35:00+00:00,0.09255,0.10109,0.08335,1.09,-16.65,0.0,1795.0,576.0,48 hours from listing (5m intervals),BRETTUSDT.json,
BRETTUSDT,2024-08-20 09:00:12+00:00,BRETT,$BRETT listed on Binance futures: Aug 20 at 10:35 UTC,0.1,2024-08-20T10:35:00+00:00,0.09255,0.10109,0.08335,1.09,-16.65,0.0,1795.0,576.0,48 hours from listing (5m intervals),BRETTUSDT.json,
VOXELUSDT,2024-08-20 08:30:14+00:00,VOXEL,$VOXEL listed on Binance futures: Aug 20 at 10:30 UTC,0.252,2024-08-20T10:30:00+00:00,0.1974,0.2656,0.1873,5.4,-25.67,0.0,1785.0,576.0,48 hours from listing (5m intervals),VOXELUSDT.json,
SYSUSDT,2024-08-19 07:00:15+00:00,SYS,$SYS listed on Binance futures: Aug 19 at 12:30 UTC,0.17,2024-08-19T12:30:00+00:00,0.1489,0.2174,0.1285,27.88,-24.41,25.0,425.0,576.0,48 hours from listing (5m intervals),SYSUSDT.json,
SYSUSDT,2024-08-19 07:00:15+00:00,SYS,$SYS listed on Binance futures: Aug 19 at 12:30 UTC,0.17,2024-08-19T12:30:00+00:00,0.1489,0.2174,0.1285,27.88,-24.41,25.0,425.0,576.0,48 hours from listing (5m intervals),SYSUSDT.json,
SYNUSDT,2024-08-16 08:30:05+00:00,SYN,$SYN listed on Binance futures: Aug 16 at 12:30 UTC,0.4617,2024-08-16T12:30:00+00:00,0.6757,0.8145,0.4597,76.41,-0.43,2715.0,0.0,576.0,48 hours from listing (5m intervals),SYNUSDT.json,
GUSDT,2024-08-15 09:00:12+00:00,G,"$G, $RARE listed on Binance futures",0.0402,2024-08-15T12:30:00+00:00,0.04623,0.04707,0.03641,17.09,-9.43,2740.0,395.0,576.0,48 hours from listing (5m intervals),GUSDT.json,
RAREUSDT,2024-08-15 09:00:12+00:00,RARE,"$G, $RARE listed on Binance futures",0.084,2024-08-15T13:00:00+00:00,0.2257,0.2394,0.0819,185.0,-2.5,2855.0,0.0,576.0,48 hours from listing (5m intervals),RAREUSDT.json,
BANANAUSDT,2024-08-14 12:00:24+00:00,BANANA,$BANANA listed on Binance futures: Aug 15 at 02:00 UTC,43.5,2024-08-15T02:00:00+00:00,49.549,51.2,42.0,17.7,-3.45,2840.0,1265.0,576.0,48 hours from listing (5m intervals),BANANAUSDT.json,
BANANAUSDT,2024-08-14 12:00:24+00:00,BANANA,$BANANA listed on Binance futures: Aug 15 at 02:00 UTC,43.5,2024-08-15T02:00:00+00:00,49.549,51.2,42.0,17.7,-3.45,2840.0,1265.0,576.0,48 hours from listing (5m intervals),BANANAUSDT.json,
RENDERUSDT,2024-07-26 08:33:52+00:00,RENDER,Render ($RENDER) listed on Binance futures: Jul 26 at 10:00 UTC,6.7,2024-07-26T10:00:00+00:00,6.44,7.041,6.321,5.09,-5.66,45.0,2060.0,576.0,48 hours from listing (5m intervals),RENDERUSDT.json,
ZROUSDT,2024-06-20 13:32:13+00:00,ZRO,LayerZero ($ZRO) listed on Binance futures: Jun 20 at 14:00 UTC,3.648,2024-06-20T14:30:00+00:00,3.177,3.845,2.788,5.4,-23.57,20.0,2295.0,576.0,48 hours from listing (5m intervals),ZROUSDT.json,
LISTAUSDT,2024-06-20 10:31:04+00:00,LISTA,Lista ($LISTA) listed on Binance futures: Jun 20 at 12:30 UTC,0.6807,2024-06-20T12:30:00+00:00,0.6394,0.8565,0.5485,25.83,-19.42,1090.0,2170.0,576.0,48 hours from listing (5m intervals),LISTAUSDT.json,
LISTAUSDT,2024-06-20 10:31:04+00:00,LISTA,Lista ($LISTA) listed on Binance futures: Jun 20 at 12:30 UTC,0.6807,2024-06-20T12:30:00+00:00,0.6394,0.8565,0.5485,25.83,-19.42,1090.0,2170.0,576.0,48 hours from listing (5m intervals),LISTAUSDT.json,
MEWUSDT,2024-06-17 12:02:04+00:00,MEW,$MEW listed on Binance futures: Jun 17 at 14:00 UTC,0.004423,2024-06-17T14:00:00+00:00,0.004213,0.005213,0.003947,17.86,-10.76,420.0,1745.0,576.0,48 hours from listing (5m intervals),MEWUSDT.json,
MEWUSDT,2024-06-17 12:02:04+00:00,MEW,$MEW listed on Binance futures: Jun 17 at 14:00 UTC,0.004423,2024-06-17T14:00:00+00:00,0.004213,0.005213,0.003947,17.86,-10.76,420.0,1745.0,576.0,48 hours from listing (5m intervals),MEWUSDT.json,
ZKUSDT,2024-06-17 10:31:03+00:00,ZK,ZKsync ($ZK) listed on Binance futures: Jun 17 at 11:00 UTC,0.2364,2024-06-17T11:05:00+00:00,0.2206,0.2639,0.186,11.63,-21.32,30.0,905.0,576.0,48 hours from listing (5m intervals),ZKUSDT.json,
IOUSDT,2024-06-11 12:32:05+00:00,IO,IO.NET ($IO) listed on Binance futures: Jun 11 at 14:00 UTC,1.831,2024-06-11T14:00:00+00:00,5.204,6.525,1.831,256.36,0.0,1875.0,0.0,576.0,48 hours from listing (5m intervals),IOUSDT.json,
